#
# There is insufficient memory for the Java Runtime Environment to continue.
# Native memory allocation (mmap) failed to map 16777216 bytes. Error detail: Failed to reserve memory for metaspace
# Possible reasons:
#   The system is out of physical RAM or swap space
#   In 32 bit mode, the process size limit was hit
# Possible solutions:
#   Reduce memory load on the system
#   Increase physical memory or swap space
#   Check if swap backing store is full
#   Use 64 bit Java on a 64 bit OS
#   Decrease Java heap size (-Xmx/-Xms)
#   Decrease number of Java threads
#   Decrease Java thread stack sizes (-Xss)
#   Set larger code cache with -XX:ReservedCodeCacheSize=
# This output file may be truncated or incomplete.
#
#  Out of Memory Error (virtualSpaceNode.cpp:249), pid=23260, tid=30244
#
# JRE version: OpenJDK Runtime Environment Temurin-17.0.11+9 (17.0.11+9) (build 17.0.11+9)
# Java VM: OpenJDK Client VM Temurin-17.0.11+9 (17.0.11+9, mixed mode, emulated-client, serial gc, windows-x86)
# No core dump will be written. Minidumps are not enabled by default on client versions of Windows
#

---------------  S U M M A R Y ------------

Command Line: --add-opens=java.base/java.lang=ALL-UNNAMED --add-opens=java.base/java.lang.invoke=ALL-UNNAMED --add-opens=java.base/java.util=ALL-UNNAMED --add-opens=java.prefs/java.util.prefs=ALL-UNNAMED --add-exports=jdk.compiler/com.sun.tools.javac.api=ALL-UNNAMED --add-exports=jdk.compiler/com.sun.tools.javac.util=ALL-UNNAMED --add-opens=java.base/java.util=ALL-UNNAMED --add-opens=java.prefs/java.util.prefs=ALL-UNNAMED --add-opens=java.base/java.nio.charset=ALL-UNNAMED --add-opens=java.base/java.net=ALL-UNNAMED --add-opens=java.base/java.util.concurrent.atomic=ALL-UNNAMED --add-opens=java.xml/javax.xml.namespace=ALL-UNNAMED -Xmx1536m -Dfile.encoding=windows-1252 -Duser.country=AU -Duser.language=en -Duser.variant -javaagent:C:\Users\evo93\.gradle\wrapper\dists\gradle-8.11.1-bin\bpt9gzteqjrbo1mjrsomdt32c\gradle-8.11.1\lib\agents\gradle-instrumentation-agent-8.11.1.jar org.gradle.launcher.daemon.bootstrap.GradleDaemon 8.11.1

Host: 13th Gen Intel(R) Core(TM) i7-13650HX, 20 cores, 15G,  Windows 11 , 64 bit Build 26100 (10.0.26100.8328)
Time: Wed May 27 03:33:08 2026 AUS Eastern Standard Time elapsed time: 30.359408 seconds (0d 0h 0m 30s)

---------------  T H R E A D  ---------------

Current thread (0x70cdd1c0):  JavaThread "WorkerExecutor Queue Thread 7" [_thread_in_vm, id=30244, stack(0x74d80000,0x74dd0000)]

Stack: [0x74d80000,0x74dd0000]
Java frames: (J=compiled Java code, j=interpreted, Vv=VM code)
j  com.android.tools.r8.graph.u1.<init>()V+5572
j  com.android.tools.r8.R8Command$Builder.p()Lcom/android/tools/r8/R8Command;+32
j  com.android.tools.r8.R8Command$Builder.makeCommand()Lcom/android/tools/r8/BaseCommand;+1
j  com.android.tools.r8.BaseCommand$Builder.a(Lcom/android/tools/r8/internal/v7;)V+7
j  com.android.tools.r8.BaseCommand$Builder$$Lambda$2450+0x79f79828.run()V+8
j  com.android.tools.r8.internal.Nu.a(Lcom/android/tools/r8/internal/Me0;Lcom/android/tools/r8/internal/Nu$a;)V+2
j  com.android.tools.r8.BaseCommand$Builder.build()Lcom/android/tools/r8/BaseCommand;+21
j  com.android.builder.dexing.R8Tool.runR8(Ljava/util/Collection;Ljava/nio/file/Path;Ljava/nio/file/Path;Ljava/nio/file/Path;Ljava/util/Collection;Ljava/util/Collection;Lcom/android/builder/dexing/ToolConfig;Lcom/android/builder/dexing/ProguardConfig;Lcom/android/builder/dexing/MainDexListConfig;Lcom/android/builder/dexing/ResourceShrinkingConfig;Lcom/android/ide/common/blame/MessageReceiver;ZLjava/util/Collection;Ljava/util/Collection;Ljava/nio/file/Path;Ljava/nio/file/Path;Ljava/lang/String;Ljava/nio/file/Path;Ljava/nio/file/Path;Ljava/nio/file/Path;Ljava/nio/file/Path;Lcom/android/builder/dexing/PartialShrinkingConfig;)V+1508
j  com.android.build.gradle.internal.tasks.R8Task$Companion.shrink(Ljava/util/List;IZZZZLjava/util/List;Ljava/util/List;Ljava/io/File;ZZLjava/util/List;Ljava/util/List;Ljava/io/File;Ljava/util/Collection;Ljava/io/File;Ljava/util/List;ZLjava/io/File;Ljava/io/File;Ljava/io/File;Ljava/io/File;Ljava/io/File;Ljava/io/File;Ljava/io/File;Ljava/util/List;Ljava/util/List;Ljava/io/File;Ljava/io/File;Ljava/lang/String;Lcom/android/build/gradle/options/SyncOptions$ErrorFormatMode;Ljava/io/File;Ljava/io/File;Ljava/io/File;Ljava/io/File;Lcom/android/builder/dexing/ResourceShrinkingConfig;Lcom/android/builder/dexing/PartialShrinkingConfig;)V+1349
j  com.android.build.gradle.internal.tasks.R8Task$R8Runnable.execute()V+1028
j  org.gradle.workers.internal.DefaultWorkerServer.execute(Lorg/gradle/workers/internal/SimpleActionExecutionSpec;)Lorg/gradle/workers/internal/DefaultWorkResult;+128
j  org.gradle.workers.internal.NoIsolationWorkerFactory$1$1.create()Lorg/gradle/workers/internal/DefaultWorkResult;+29
j  org.gradle.workers.internal.NoIsolationWorkerFactory$1$1.create()Ljava/lang/Object;+1
j  org.gradle.internal.classloader.ClassLoaderUtils.executeInClassloader(Ljava/lang/ClassLoader;Lorg/gradle/internal/Factory;)Ljava/lang/Object;+15
j  org.gradle.workers.internal.NoIsolationWorkerFactory$1.lambda$execute$0(Ljava/lang/ClassLoader;Lorg/gradle/workers/WorkerExecutor;Lorg/gradle/workers/internal/IsolatedParametersActionExecutionSpec;)Lorg/gradle/workers/internal/DefaultWorkResult;+10
j  org.gradle.workers.internal.NoIsolationWorkerFactory$1$$Lambda$1933+0x78df7408.execute(Lorg/gradle/workers/internal/IsolatedParametersActionExecutionSpec;)Lorg/gradle/workers/internal/DefaultWorkResult;+13
j  org.gradle.workers.internal.AbstractWorker$1.call(Lorg/gradle/internal/operations/BuildOperationContext;)Lorg/gradle/workers/internal/DefaultWorkResult;+8
j  org.gradle.workers.internal.AbstractWorker$1.call(Lorg/gradle/internal/operations/BuildOperationContext;)Ljava/lang/Object;+2
J 5522 c1 org.gradle.internal.operations.DefaultBuildOperationRunner$CallableBuildOperationWorker.execute(Lorg/gradle/internal/operations/BuildOperation;Lorg/gradle/internal/operations/BuildOperationContext;)V (10 bytes) @ 0x03a6c7a4 [0x03a6c730+0x00000074]
J 5474 c1 org.gradle.internal.operations.DefaultBuildOperationRunner$2.execute(Lorg/gradle/internal/operations/BuildOperationDescriptor;Lorg/gradle/internal/operations/BuildOperationState;Lorg/gradle/internal/operations/BuildOperationState;Lorg/gradle/internal/operations/DefaultBuildOperationRunner$ReadableBuildOperationContext;Lorg/gradle/internal/operations/DefaultBuildOperationRunner$BuildOperationExecutionListener;)Lorg/gradle/internal/operations/BuildOperation; (110 bytes) @ 0x03a606a0 [0x03a60640+0x00000060]
J 9429 c1 org.gradle.internal.operations.DefaultBuildOperationRunner$2.execute(Lorg/gradle/internal/operations/BuildOperationDescriptor;Lorg/gradle/internal/operations/BuildOperationState;Lorg/gradle/internal/operations/BuildOperationState;Lorg/gradle/internal/operations/DefaultBuildOperationRunner$ReadableBuildOperationContext;Lorg/gradle/internal/operations/DefaultBuildOperationRunner$BuildOperationExecutionListener;)Ljava/lang/Object; (12 bytes) @ 0x03ed50e0 [0x03ed50a0+0x00000040]
J 9394 c1 org.gradle.internal.operations.DefaultBuildOperationRunner.execute(Lorg/gradle/internal/operations/BuildOperationDescriptor$Builder;Lorg/gradle/internal/operations/BuildOperationState;Lorg/gradle/internal/operations/DefaultBuildOperationRunner$BuildOperationExecution;)Ljava/lang/Object; (147 bytes) @ 0x03ec6bc8 [0x03ec67e0+0x000003e8]
J 5528 c1 org.gradle.internal.operations.DefaultBuildOperationRunner.call(Lorg/gradle/internal/operations/CallableBuildOperation;)Ljava/lang/Object; (24 bytes) @ 0x03a70808 [0x03a70690+0x00000178]
j  org.gradle.workers.internal.AbstractWorker.executeWrappedInBuildOperation(Lorg/gradle/workers/internal/IsolatedParametersActionExecutionSpec;Lorg/gradle/internal/operations/BuildOperationRef;Lorg/gradle/workers/internal/AbstractWorker$Work;)Lorg/gradle/workers/internal/DefaultWorkResult;+15
j  org.gradle.workers.internal.NoIsolationWorkerFactory$1.execute(Lorg/gradle/workers/internal/IsolatedParametersActionExecutionSpec;Lorg/gradle/internal/operations/BuildOperationRef;)Lorg/gradle/workers/internal/DefaultWorkResult;+17
j  org.gradle.workers.internal.DefaultWorkerExecutor.lambda$submitWork$0(Lorg/gradle/workers/internal/WorkerFactory;Lorg/gradle/workers/internal/WorkerRequirement;Lorg/gradle/workers/internal/IsolatedParametersActionExecutionSpec;Lorg/gradle/internal/operations/BuildOperationRef;)Lorg/gradle/workers/internal/DefaultWorkResult;+13
j  org.gradle.workers.internal.DefaultWorkerExecutor$$Lambda$1931+0x78def850.call()Ljava/lang/Object;+16
J 5408 c1 java.util.concurrent.FutureTask.run()V java.base@17.0.11 (123 bytes) @ 0x03a4bd04 [0x03a4bc00+0x00000104]
j  org.gradle.internal.work.DefaultConditionalExecutionQueue$ExecutionRunner.runExecution(Lorg/gradle/internal/work/ConditionalExecution;)V+6
j  org.gradle.internal.work.DefaultConditionalExecutionQueue$ExecutionRunner.access$700(Lorg/gradle/internal/work/DefaultConditionalExecutionQueue$ExecutionRunner;Lorg/gradle/internal/work/ConditionalExecution;)V+2
j  org.gradle.internal.work.DefaultConditionalExecutionQueue$ExecutionRunner$1.run()V+14
j  org.gradle.internal.Factories$1.create()Ljava/lang/Object;+4
J 12341 c1 org.gradle.internal.work.DefaultWorkerLeaseService.withLocks(Ljava/util/Collection;Lorg/gradle/internal/Factory;)Ljava/lang/Object; (53 bytes) @ 0x0428e854 [0x0428e760+0x000000f4]
J 12265 c1 org.gradle.internal.work.DefaultWorkerLeaseService.runAsWorkerThread(Lorg/gradle/internal/Factory;)Ljava/lang/Object; (37 bytes) @ 0x042756f4 [0x04275570+0x00000184]
j  org.gradle.internal.work.DefaultWorkerLeaseService.runAsWorkerThread(Ljava/lang/Runnable;)V+5
j  org.gradle.internal.work.DefaultConditionalExecutionQueue$ExecutionRunner.runBatch(Lorg/gradle/internal/work/ConditionalExecution;)V+16
j  org.gradle.internal.work.DefaultConditionalExecutionQueue$ExecutionRunner.run()V+11
j  java.util.concurrent.Executors$RunnableAdapter.call()Ljava/lang/Object;+4 java.base@17.0.11
J 5408 c1 java.util.concurrent.FutureTask.run()V java.base@17.0.11 (123 bytes) @ 0x03a4bd04 [0x03a4bc00+0x00000104]
J 5183 c1 org.gradle.internal.concurrent.ExecutorPolicy$CatchAndRecordFailures.onExecute(Ljava/lang/Runnable;)V (29 bytes) @ 0x03a13898 [0x03a13860+0x00000038]
j  org.gradle.internal.concurrent.AbstractManagedExecutor$1.run()V+25
j  java.util.concurrent.ThreadPoolExecutor.runWorker(Ljava/util/concurrent/ThreadPoolExecutor$Worker;)V+92 java.base@17.0.11
j  java.util.concurrent.ThreadPoolExecutor$Worker.run()V+5 java.base@17.0.11
j  java.lang.Thread.run()V+11 java.base@17.0.11
v  ~StubRoutines::call_stub

Compiled method (c1)   30363 5522             org.gradle.internal.operations.DefaultBuildOperationRunner$CallableBuildOperationWorker::execute (10 bytes)
 total in heap  [0x03a6c608,0x03a6c8d0] = 712
 relocation     [0x03a6c6ec,0x03a6c728] = 60
 main code      [0x03a6c730,0x03a6c830] = 256
 stub code      [0x03a6c830,0x03a6c85c] = 44
 oops           [0x03a6c85c,0x03a6c860] = 4
 metadata       [0x03a6c860,0x03a6c86c] = 12
 scopes data    [0x03a6c86c,0x03a6c88c] = 32
 scopes pcs     [0x03a6c88c,0x03a6c8cc] = 64
 dependencies   [0x03a6c8cc,0x03a6c8d0] = 4

[Constant Pool (empty)]

[MachCode]
[Entry Point]
  # {method} {0x66f7e274} 'execute' '(Lorg/gradle/internal/operations/BuildOperation;Lorg/gradle/internal/operations/BuildOperationContext;)V' in 'org/gradle/internal/operations/DefaultBuildOperationRunner$CallableBuildOperationWorker'
  # this:     ecx       = 'org/gradle/internal/operations/DefaultBuildOperationRunner$CallableBuildOperationWorker'
  # parm0:    edx       = 'org/gradle/internal/operations/BuildOperation'
  # parm1:    [sp+0x30]   = 'org/gradle/internal/operations/BuildOperationContext'  (sp of caller)
  0x03a6c730: 0f1f 8000 | 0000 003b 

  0x03a6c738: ;   {runtime_call ic_miss_stub}
  0x03a6c738: 4104 0f85 | 9040 8eff 
[Verified Entry Point]
  0x03a6c740: 8984 2400 | c0ff ff55 | 83ec 2889 | 4c24 208b | 4c24 3083 | fa00 0f84 | 3700 0000 

  0x03a6c75c: ;   {metadata('org/gradle/internal/operations/CallableBuildOperation')}
  0x03a6c75c: 8b7a 0481 | 7f18 20a6 | dc66 0f84 | 2700 0000 

  0x03a6c76c: ;   {metadata('org/gradle/internal/operations/CallableBuildOperation')}
  0x03a6c76c: 81ff 20a6 | dc66 0f84 | 1b00 0000 

  0x03a6c778: ;   {metadata('org/gradle/internal/operations/CallableBuildOperation')}
  0x03a6c778: 5768 20a6 

  0x03a6c77c: ;   {runtime_call slow_subtype_check Runtime1 stub}
  0x03a6c77c: dc66 e80d | 618c ff5f | 5f83 ff00 | 0f84 4300 | 0000 e900 | 0000 008b | fa8b d18b | cf90 b8e0 
  0x03a6c79c: ;   {virtual_call}
  0x03a6c79c: 1ee4 6be8 

  0x03a6c7a0: ; ImmutableOopMap {[32]=Oop }
              ;*invokeinterface call {reexecute=0 rethrow=0 return_oop=0}
              ; - org.gradle.internal.operations.DefaultBuildOperationRunner$CallableBuildOperationWorker::execute@3 (line 209)
              ; - org.gradle.internal.operations.DefaultBuildOperationRunner$CallableBuildOperationWorker::execute@6 (line 204)
  0x03a6c7a0: 0835 8cff | 8b4c 2420 | 8941 08c1 | e909 c681 | 0060 bd02 | 0083 c428 | 5d64 8b1c | 2500 0000 
  0x03a6c7c0: 008b 5bf4 

  0x03a6c7c4: ;   {poll_return}
  0x03a6c7c4: 3ba3 5002 | 0000 0f87 | 0900 0000 | c389 1424 

  0x03a6c7d4: ;   {runtime_call throw_class_cast_exception Runtime1 stub}
  0x03a6c7d4: e8c7 628c 

  0x03a6c7d8: ; ImmutableOopMap {[32]=Oop ecx=Oop [48]=Oop }
              ;*checkcast {reexecute=0 rethrow=0 return_oop=0}
              ; - org.gradle.internal.operations.DefaultBuildOperationRunner$CallableBuildOperationWorker::execute@2 (line 204)
              ;   {internal_word}
  0x03a6c7d8: ff51 52b9 | c4c7 a603 | 648b 1425 | 0000 0000 | 8b52 f489 | 8a5c 0200 

  0x03a6c7f0: ;   {runtime_call SafepointBlob}
  0x03a6c7f0: 005a 59e9 | a890 8eff | 9090 648b | 3425 0000 | 0000 8b76 | f48b 8684 | 0200 00c7 | 8684 0200 
  0x03a6c810: 0000 0000 | 00c7 8688 | 0200 0000 | 0000 0083 

  0x03a6c820: ;   {runtime_call unwind_exception Runtime1 stub}
  0x03a6c820: c428 5de9 | e877 8cff | f4f4 f4f4 | f4f4 f4f4 
[Stub Code]
  0x03a6c830: ;   {no_reloc}
  0x03a6c830: 6690 bb00 

  0x03a6c834: ;   {runtime_call}
  0x03a6c834: 0000 00e9 | fbff ffff 
[Exception Handler]
  0x03a6c83c: ;   {runtime_call handle_exception_from_callee Runtime1 stub}
  0x03a6c83c: e8cf 648c 

  0x03a6c840: ;   {external_word}
  0x03a6c840: ff68 30b7 | a56c e800 | 0000 0060 

  0x03a6c84c: ;   {runtime_call}
  0x03a6c84c: e80f c7e4 

  0x03a6c850: ;   {section_word}
  0x03a6c850: 68f4 6852 

  0x03a6c854: ;   {runtime_call DeoptimizationBlob}
  0x03a6c854: c8a6 03e9 | e489 8eff 
[/MachCode]


Compiled method (c1)   30374 5474   !         org.gradle.internal.operations.DefaultBuildOperationRunner$2::execute (110 bytes)
 total in heap  [0x03a604c8,0x03a60c18] = 1872
 relocation     [0x03a605ac,0x03a60638] = 140
 main code      [0x03a60640,0x03a608d0] = 656
 stub code      [0x03a608d0,0x03a60938] = 104
 oops           [0x03a60938,0x03a6093c] = 4
 metadata       [0x03a6093c,0x03a6095c] = 32
 scopes data    [0x03a6095c,0x03a60a40] = 228
 scopes pcs     [0x03a60a40,0x03a60b10] = 208
 dependencies   [0x03a60b10,0x03a60b20] = 16
 handler table  [0x03a60b20,0x03a60c04] = 228
 nul chk table  [0x03a60c04,0x03a60c18] = 20

[Constant Pool (empty)]

[MachCode]
[Entry Point]
  # {method} {0x66f8083c} 'execute' '(Lorg/gradle/internal/operations/BuildOperationDescriptor;Lorg/gradle/internal/operations/BuildOperationState;Lorg/gradle/internal/operations/BuildOperationState;Lorg/gradle/internal/operations/DefaultBuildOperationRunner$ReadableBuildOperationContext;Lorg/gradle/internal/operations/DefaultBuildOperationRunner$BuildOperationExecutionListener;)Lorg/gradle/internal/operations/BuildOperation;' in 'org/gradle/internal/operations/DefaultBuildOperationRunner$2'
  # this:     ecx       = 'org/gradle/internal/operations/DefaultBuildOperationRunner$2'
  # parm0:    edx       = 'org/gradle/internal/operations/BuildOperationDescriptor'
  # parm1:    [sp+0x50]   = 'org/gradle/internal/operations/BuildOperationState'  (sp of caller)
  # parm2:    [sp+0x54]   = 'org/gradle/internal/operations/BuildOperationState'
  # parm3:    [sp+0x58]   = 'org/gradle/internal/operations/DefaultBuildOperationRunner$ReadableBuildOperationContext'
  # parm4:    [sp+0x5c]   = 'org/gradle/internal/operations/DefaultBuildOperationRunner$BuildOperationExecutionListener'
  0x03a60640: 0f1f 8000 | 0000 003b 

  0x03a60648: ;   {runtime_call ic_miss_stub}
  0x03a60648: 4104 0f85 | 8001 8fff 
[Verified Entry Point]
  0x03a60650: 8984 2400 | c0ff ff55 | 83ec 4889 | 4c24 288b | 7c24 5c8b | 7424 508b | c28b d089 | 3424 8bcf 
  0x03a60670: 8944 242c | 6690 b8e8 

  0x03a60678: ;   {virtual_call}
  0x03a60678: 33ad 6be8 

  0x03a6067c: ; ImmutableOopMap {[84]=Oop [40]=Oop [88]=Oop [44]=Oop [80]=Oop [92]=Oop }
              ;*invokeinterface start {reexecute=0 rethrow=0 return_oop=0}
              ; - org.gradle.internal.operations.DefaultBuildOperationRunner$2::execute@4 (line 63)
  0x03a6067c: 2cf6 8cff | 8b4c 2428 | 8b71 088b | 510c 8b7c | 2458 893c | 248b ce66 | 6690 b860 

  0x03a60698: ;   {virtual_call}
  0x03a60698: 6b95 6be8 

  0x03a6069c: ; ImmutableOopMap {[84]=Oop [44]=Oop [80]=Oop [92]=Oop [40]=Oop [88]=Oop }
              ;*invokeinterface execute {reexecute=0 rethrow=0 return_oop=0}
              ; - org.gradle.internal.operations.DefaultBuildOperationRunner$2::execute@22 (line 66)
  0x03a6069c: 0cf6 8cff 

  0x03a606a0: ;   {oop(NULL)}
  0x03a606a0: be00 0000 | 0089 7424 | 308b 7c24 | 58e9 8a00 | 0000 8b7c | 2458 648b | 1425 0000 | 0000 8b52 
  0x03a606c0: f48b 8284 | 0200 00c7 | 8284 0200 | 0000 0000 | 00c7 8288 | 0200 0000 | 0000 0083 | ff00 0f84 
  0x03a606e0: 1500 0000 

  0x03a606e4: ;   {metadata('org/gradle/internal/operations/DefaultBuildOperationRunner$DefaultBuildOperationContext')}
  0x03a606e4: 8b4f 0481 | 7924 6841 | f866 0f85 | 2501 0000 | e900 0000 | 008b d78b | 5710 83fa | 000f 852f 
  0x03a60704: 0000 0083 | ff00 0f84 | 1500 0000 

  0x03a60710: ;   {metadata('org/gradle/internal/operations/DefaultBuildOperationRunner$DefaultBuildOperationContext')}
  0x03a60710: 8b4f 0481 | 7924 6841 | f866 0f85 | 0301 0000 | e900 0000 | 008b d789 | 4710 8bd7 | c1ea 09c6 
  0x03a60730: 8200 60bd | 0200 8bf0 | 8974 2430 | 8b4c 2454 | 8b74 2450 | 8b54 242c | 8934 2489 | 4c24 0489 
  0x03a60750: 7c24 088b | 4c24 5c66 | 6690 b8a0 

  0x03a6075c: ;   {virtual_call}
  0x03a6075c: 28f8 66e8 

  0x03a60760: ; ImmutableOopMap {[44]=Oop [92]=Oop [40]=Oop [48]=Oop [80]=Oop }
              ;*invokeinterface stop {reexecute=0 rethrow=0 return_oop=0}
              ; - org.gradle.internal.operations.DefaultBuildOperationRunner$2::execute@62 (line 73)
  0x03a60760: ccac fbff | 8b74 2430 | 83fe 000f | 8547 0000 | 008b 7424 | 508b 4c24 | 288b 790c | 8b54 242c 
  0x03a60780: 8934 248b | 4c24 5c89 | 7c24 3466 | 6690 b8a0 

  0x03a60790: ;   {virtual_call}
  0x03a60790: 28f8 66e8 

  0x03a60794: ; ImmutableOopMap {[44]=Oop [92]=Oop [52]=Oop [80]=Oop }
              ;*invokeinterface close {reexecute=0 rethrow=0 return_oop=0}
              ; - org.gradle.internal.operations.DefaultBuildOperationRunner$2::execute@88 (line 79)
  0x03a60794: 6815 ffff | 8b44 2434 | 83c4 485d | 648b 1c25 | 0000 0000 

  0x03a607a8: ;   {poll_return}
  0x03a607a8: 8b5b f43b | a350 0200 | 000f 8771 | 0000 00c3 

  0x03a607b8: ;   {static_call}
  0x03a607b8: 8bce 90e8 

  0x03a607bc: ; ImmutableOopMap {[44]=Oop [92]=Oop [80]=Oop }
              ;*invokestatic throwAsBuildOperationInvocationException {reexecute=0 rethrow=0 return_oop=0}
              ; - org.gradle.internal.operations.DefaultBuildOperationRunner::access$100@1 (line 24)
              ; - org.gradle.internal.operations.DefaultBuildOperationRunner$2::execute@74 (line 75)
  0x03a607bc: d006 8fff 

  0x03a607c0: ; implicit exception: dispatches to 0x03a60847
              ; ImmutableOopMap {[44]=Oop [92]=Oop [80]=Oop eax=Oop }
              ;*athrow {reexecute=1 rethrow=0 return_oop=0}
              ; - (reexecute) org.gradle.internal.operations.DefaultBuildOperationRunner$2::execute@77 (line 75)
              ;   {section_word}
  0x03a607c0: 3b00 bac2 

  0x03a607c4: ;   {runtime_call handle_exception_nofpu Runtime1 stub}
  0x03a607c4: 07a6 03e8 | 8427 8dff | 908b 7c24 | 5c8b 7424 | 5064 8b0c | 2500 0000 | 008b 49f4 | 8b81 8402 
  0x03a607e4: 0000 c781 | 8402 0000 | 0000 0000 | c781 8802 | 0000 0000 | 0000 8934 | 248b cf89 | 4424 3866 
  0x03a60804: 6690 b8ff 

  0x03a60808: ;   {virtual_call}
  0x03a60808: ffff ffe8 

  0x03a6080c: ; ImmutableOopMap {[56]=Oop }
              ;*invokeinterface close {reexecute=0 rethrow=0 return_oop=0}
              ; - org.gradle.internal.operations.DefaultBuildOperationRunner$2::execute@102 (line 79)
  0x03a6080c: 4004 8fff | 8b44 2438 | e9ab 0000 

  0x03a60818: ;   {runtime_call throw_incompatible_class_change_error Runtime1 stub}
  0x03a60818: 00e8 4221 

  0x03a6081c: ; ImmutableOopMap {[84]=Oop [44]=Oop [80]=Oop [92]=Oop [40]=Oop edi=Oop [88]=Oop eax=Oop }
              ;*invokeinterface getFailure {reexecute=0 rethrow=0 return_oop=0}
              ; - org.gradle.internal.operations.DefaultBuildOperationRunner$2::execute@34 (line 68)
              ;   {runtime_call throw_null_pointer_exception Runtime1 stub}
  0x03a6081c: 8dff e8bd 

  0x03a60820: ; ImmutableOopMap {[84]=Oop [44]=Oop [80]=Oop [92]=Oop [40]=Oop edi=Oop [88]=Oop eax=Oop }
              ;*invokeinterface getFailure {reexecute=0 rethrow=0 return_oop=0}
              ; - org.gradle.internal.operations.DefaultBuildOperationRunner$2::execute@34 (line 68)
              ;   {runtime_call throw_incompatible_class_change_error Runtime1 stub}
  0x03a60820: 318d ffe8 

  0x03a60824: ; ImmutableOopMap {[84]=Oop [44]=Oop [80]=Oop [92]=Oop [40]=Oop edi=Oop [88]=Oop eax=Oop }
              ;*invokeinterface failed {reexecute=0 rethrow=0 return_oop=0}
              ; - org.gradle.internal.operations.DefaultBuildOperationRunner$2::execute@46 (line 69)
  0x03a60824: 3821 8dff 

  0x03a60828: ;   {internal_word}
  0x03a60828: 5152 b9ab | 07a6 0364 | 8b14 2500 | 0000 008b | 52f4 898a | 5c02 0000 

  0x03a60840: ;   {runtime_call SafepointBlob}
  0x03a60840: 5a59 e959 

  0x03a60844: ;   {runtime_call throw_null_pointer_exception Runtime1 stub}
  0x03a60844: 508f ffe8 

  0x03a60848: ; ImmutableOopMap {[44]=Oop [92]=Oop [80]=Oop eax=Oop }
              ;*athrow {reexecute=1 rethrow=0 return_oop=0}
              ; - (reexecute) org.gradle.internal.operations.DefaultBuildOperationRunner$2::execute@77 (line 75)
  0x03a60848: 9431 8dff | 8b54 242c | e978 ffff | ff8b 5424 | 2ce9 6fff | ffff 8b54 | 242c e966 | ffff ff8b 
  0x03a60868: 5424 2ce9 | 5dff ffff | 8b54 242c | e954 ffff | ff8b 5424 | 2ce9 4bff | ffff 8b54 | 242c e942 
  0x03a60888: ffff ff8b | 5424 2ce9 | 39ff ffff | 8b54 242c | e930 ffff | ff90 9064 | 8b34 2500 | 0000 008b 
  0x03a608a8: 76f4 8b86 | 8402 0000 | c786 8402 | 0000 0000 | 0000 c786 | 8802 0000 | 0000 0000 | 83c4 485d 
  0x03a608c8: ;   {runtime_call unwind_exception Runtime1 stub}
  0x03a608c8: e943 378d | fff4 f4f4 
[Stub Code]
  0x03a608d0: ;   {no_reloc}
  0x03a608d0: 6690 bb00 

  0x03a608d4: ;   {runtime_call}
  0x03a608d4: 0000 00e9 | fbff ffff 

  0x03a608dc: ;   {static_stub}
  0x03a608dc: 6690 bb00 

  0x03a608e0: ;   {runtime_call}
  0x03a608e0: 0000 00e9 | fbff ffff 

  0x03a608e8: ;   {static_stub}
  0x03a608e8: 6690 bb00 

  0x03a608ec: ;   {runtime_call}
  0x03a608ec: 0000 00e9 | fbff ffff 

  0x03a608f4: ;   {static_stub}
  0x03a608f4: 6690 bb00 

  0x03a608f8: ;   {runtime_call}
  0x03a608f8: 0000 00e9 | fbff ffff 

  0x03a60900: ;   {static_stub}
  0x03a60900: 6690 bb00 

  0x03a60904: ;   {runtime_call}
  0x03a60904: 0000 00e9 | fbff ffff 

  0x03a6090c: ;   {static_stub}
  0x03a6090c: 6690 bb00 

  0x03a60910: ;   {runtime_call}
  0x03a60910: 0000 00e9 | fbff ffff 
[Exception Handler]
  0x03a60918: ;   {runtime_call handle_exception_from_callee Runtime1 stub}
  0x03a60918: e8f3 238d 

  0x03a6091c: ;   {external_word}
  0x03a6091c: ff68 30b7 | a56c e800 | 0000 0060 

  0x03a60928: ;   {runtime_call}
  0x03a60928: e833 86e5 

  0x03a6092c: ;   {section_word}
  0x03a6092c: 68f4 682e 

  0x03a60930: ;   {runtime_call DeoptimizationBlob}
  0x03a60930: 09a6 03e9 | 0849 8fff 
[/MachCode]


Compiled method (c1)   30395 9429             org.gradle.internal.operations.DefaultBuildOperationRunner$2::execute (12 bytes)
 total in heap  [0x03ed4f88,0x03ed51d0] = 584
 relocation     [0x03ed506c,0x03ed509c] = 48
 main code      [0x03ed50a0,0x03ed5150] = 176
 stub code      [0x03ed5150,0x03ed517c] = 44
 oops           [0x03ed517c,0x03ed5180] = 4
 metadata       [0x03ed5180,0x03ed5188] = 8
 scopes data    [0x03ed5188,0x03ed519c] = 20
 scopes pcs     [0x03ed519c,0x03ed51cc] = 48
 dependencies   [0x03ed51cc,0x03ed51d0] = 4

[Constant Pool (empty)]

[MachCode]
[Entry Point]
  # {method} {0x66f8092c} 'execute' '(Lorg/gradle/internal/operations/BuildOperationDescriptor;Lorg/gradle/internal/operations/BuildOperationState;Lorg/gradle/internal/operations/BuildOperationState;Lorg/gradle/internal/operations/DefaultBuildOperationRunner$ReadableBuildOperationContext;Lorg/gradle/internal/operations/DefaultBuildOperationRunner$BuildOperationExecutionListener;)Ljava/lang/Object;' in 'org/gradle/internal/operations/DefaultBuildOperationRunner$2'
  # this:     ecx       = 'org/gradle/internal/operations/DefaultBuildOperationRunner$2'
  # parm0:    edx       = 'org/gradle/internal/operations/BuildOperationDescriptor'
  # parm1:    [sp+0x30]   = 'org/gradle/internal/operations/BuildOperationState'  (sp of caller)
  # parm2:    [sp+0x34]   = 'org/gradle/internal/operations/BuildOperationState'
  # parm3:    [sp+0x38]   = 'org/gradle/internal/operations/DefaultBuildOperationRunner$ReadableBuildOperationContext'
  # parm4:    [sp+0x3c]   = 'org/gradle/internal/operations/DefaultBuildOperationRunner$BuildOperationExecutionListener'
  0x03ed50a0: 0f1f 8000 | 0000 003b 

  0x03ed50a8: ;   {runtime_call ic_miss_stub}
  0x03ed50a8: 4104 0f85 | 20b7 47ff 
[Verified Entry Point]
  0x03ed50b0: 8984 2400 | c0ff ff55 | 83ec 288b | 4424 3c8b | 5c24 388b | 7c24 348b | 7424 3089 | 3424 897c 
  0x03ed50d0: 2404 895c | 2408 8944 

  0x03ed50d8: ;   {optimized virtual_call}
  0x03ed50d8: 240c 90e8 

  0x03ed50dc: ; ImmutableOopMap {}
              ;*invokevirtual execute {reexecute=0 rethrow=0 return_oop=0}
              ; - org.gradle.internal.operations.DefaultBuildOperationRunner$2::execute@8 (line 59)
  0x03ed50dc: 70b5 b8ff | 83c4 285d | 648b 1c25 | 0000 0000 

  0x03ed50ec: ;   {poll_return}
  0x03ed50ec: 8b5b f43b | a350 0200 | 000f 8701 | 0000 00c3 

  0x03ed50fc: ;   {internal_word}
  0x03ed50fc: 5152 b9ef | 50ed 0364 | 8b14 2500 | 0000 008b | 52f4 898a | 5c02 0000 

  0x03ed5114: ;   {runtime_call SafepointBlob}
  0x03ed5114: 5a59 e985 | 0748 ff90 | 9064 8b34 | 2500 0000 | 008b 76f4 | 8b86 8402 | 0000 c786 | 8402 0000 
  0x03ed5134: 0000 0000 | c786 8802 | 0000 0000 | 0000 83c4 

  0x03ed5144: ;   {runtime_call unwind_exception Runtime1 stub}
  0x03ed5144: 285d e9c5 | ee45 fff4 | f4f4 f4f4 
[Stub Code]
  0x03ed5150: ;   {no_reloc}
  0x03ed5150: 6690 bb00 

  0x03ed5154: ;   {runtime_call}
  0x03ed5154: 0000 00e9 | fbff ffff 
[Exception Handler]
  0x03ed515c: ;   {runtime_call handle_exception_from_callee Runtime1 stub}
  0x03ed515c: e8af db45 

  0x03ed5160: ;   {external_word}
  0x03ed5160: ff68 30b7 | a56c e800 | 0000 0060 

  0x03ed516c: ;   {runtime_call}
  0x03ed516c: e8ef 3d9e 

  0x03ed5170: ;   {section_word}
  0x03ed5170: 68f4 6872 

  0x03ed5174: ;   {runtime_call DeoptimizationBlob}
  0x03ed5174: 51ed 03e9 | c400 48ff 
[/MachCode]


---------------  P R O C E S S  ---------------

Threads class SMR info:
_java_thread_list=0x7c98b018, length=318, elements={
0x0323ed30, 0x654282c8, 0x65429ba8, 0x6541e020,
0x6541ebc0, 0x65459390, 0x6545ada8, 0x6545bab0,
0x65460940, 0x654cbe08, 0x655ee710, 0x67f43f80,
0x67f7c038, 0x67fb8890, 0x68063d50, 0x6806a288,
0x6806ac80, 0x68083728, 0x67fcb548, 0x67fcaef8,
0x67fcb870, 0x67fcb220, 0x67fca580, 0x67fcbb98,
0x67fca8a8, 0x68402088, 0x684023b0, 0x684026d8,
0x68403378, 0x684000f8, 0x68401710, 0x68401d60,
0x684013e8, 0x68401a38, 0x68400420, 0x68403050,
0x683ff780, 0x683ffaa8, 0x683ffdd0, 0x68400a70,
0x6b81fc60, 0x6b81f610, 0x6b81ec98, 0x6b81f938,
0x6b821278, 0x6b820c28, 0x6b821f18, 0x6b81efc0,
0x6b8215a0, 0x6b820f50, 0x6b81ff88, 0x6b820900,
0x6b8218c8, 0x6b821bf0, 0x6b8202b0, 0x6b822240,
0x6b822568, 0x6b8205d8, 0x6b81e970, 0x6b81f2e8,
0x6b8c37c8, 0x6b8c5430, 0x6b8c4468, 0x6b8c4790,
0x6b8c34a0, 0x6b8c3af0, 0x6b8c5da8, 0x6b8c6a48,
0x6b8c5a80, 0x6b8c6d70, 0x6b8c3e18, 0x6b8c3178,
0x6b8c4140, 0x6b8c60d0, 0x6b8c63f8, 0x6b8c6720,
0x6b8c4ab8, 0x6b8c5758, 0x6b8c4de0, 0x6b8c5108,
0x6b971550, 0x6b971ec8, 0x6b971ba0, 0x6b971228,
0x6b96f298, 0x6b96f5c0, 0x6b9721f0, 0x6b971878,
0x6b972518, 0x6b96e920, 0x6b96f8e8, 0x6b96ec48,
0x6b96ef70, 0x6b96fc10, 0x6b96ff38, 0x6b970588,
0x707aff30, 0x707ae918, 0x707aec40, 0x707b0258,
0x707b0bd0, 0x707b1b98, 0x707b21e8, 0x707b1220,
0x707b0ef8, 0x707b1870, 0x707af290, 0x707b1548,
0x707b1ec0, 0x707af8e0, 0x707b0580, 0x705bbb38,
0x705b8f08, 0x705ba520, 0x705b9230, 0x705bc4b0,
0x705bc7d8, 0x705ba1f8, 0x705b9ed0, 0x705bbe60,
0x705ba848, 0x705bb1c0, 0x705bc188, 0x705bcb00,
0x705bab70, 0x705bae98, 0x705bb810, 0x705b9558,
0x705b9880, 0x705bb4e8, 0x705b9ba8, 0x70bc4ef8,
0x70bc61e8, 0x70bc4580, 0x70bc5220, 0x70bc71b0,
0x70bc6510, 0x70bc5548, 0x70bc6838, 0x70bc48a8,
0x70bc6b60, 0x70bc4bd0, 0x70bc5870, 0x70bc5b98,
0x70bc3c08, 0x70bc5ec0, 0x70bc6e88, 0x70bc74d8,
0x70bc38e0, 0x70bc4258, 0x70bc3f30, 0x70be57f0,
0x70be41d8, 0x70be4500, 0x70be54c8, 0x70be3b88,
0x70be5b18, 0x70be3860, 0x70be5e40, 0x70be6ae0,
0x70be3eb0, 0x70be4828, 0x70be67b8, 0x70be6168,
0x70be6490, 0x70be6e08, 0x70be7130, 0x70be3538,
0x70be4b50, 0x70be4e78, 0x70be51a0, 0x70cd9f40,
0x70cda8b8, 0x70cd8f78, 0x70cd8928, 0x70cdabe0,
0x70cd7638, 0x70cdb230, 0x70cda268, 0x70cd82d8,
0x70cd8600, 0x70cd92a0, 0x70cd95c8, 0x70cda590,
0x70cdb558, 0x70cd8c50, 0x70cd98f0, 0x70cd9c18,
0x70cdaf08, 0x70cd7960, 0x70cdb880, 0x70cd7c88,
0x70cdbba8, 0x70cd7fb0, 0x70cdd810, 0x70cdc1f8,
0x70cdd4e8, 0x70cdbed0, 0x70cdc520, 0x70cdc848,
0x70cdd1c0, 0x70cdcb70, 0x70cdce98, 0x70cdde60,
0x70cde188, 0x70cde4b0, 0x70cde7d8, 0x70cdeb00,
0x70cdee28, 0x70cdf150, 0x70cddb38, 0x70f265a8,
0x70f27ee8, 0x70f27bc0, 0x70f25f58, 0x70f27248,
0x70f29500, 0x70f28b88, 0x70f26280, 0x70f28210,
0x70f29b50, 0x70f28860, 0x70f29e78, 0x70f28eb0,
0x70f2a4c8, 0x70f2a1a0, 0x70f268d0, 0x70f26f20,
0x70f27570, 0x70f2a7f0, 0x70f291d8, 0x70f26bf8,
0x70f2b490, 0x70f27898, 0x70f2ae40, 0x70f2b7b8,
0x70f2c130, 0x70f29828, 0x70f2b168, 0x70f2bae0,
0x70f2be08, 0x70f2d748, 0x70f2c780, 0x70f2d420,
0x70f2da70, 0x70f2c458, 0x70f2caa8, 0x70f2cdd0,
0x70f2d0f8, 0x6ba5f038, 0x6ba60ca0, 0x6ba60000,
0x6ba62c30, 0x6ba60328, 0x6ba62908, 0x6ba62f58,
0x6ba5f688, 0x6ba60fc8, 0x6ba5f360, 0x6ba612f0,
0x6ba61940, 0x6ba622b8, 0x6ba5fcd8, 0x6ba60650,
0x6ba61618, 0x6ba61c68, 0x6ba60978, 0x6ba625e0,
0x6ba61f90, 0x6ba63280, 0x6ba635a8, 0x6ba5f9b0,
0x6ba64570, 0x6ba64898, 0x6ba64ee8, 0x6ba64bc0,
0x6ba65210, 0x6ba66828, 0x6ba66b50, 0x6ba661d8,
0x6ba66500, 0x6ba65538, 0x6ba65860, 0x6ba65b88,
0x6ba65eb0, 0x70e8b660, 0x70e88708, 0x70e8a9c0,
0x70e899f8, 0x70e89d20, 0x70e8a048, 0x70e8b988,
0x70e8bcb0, 0x70e8ace8, 0x70e896d0, 0x70e89080,
0x70e893a8, 0x70e8a370, 0x70e8b010, 0x70e8bfd8,
0x70e883e0, 0x70e8cfa0, 0x70e8c300, 0x70e8d918,
0x70e8df68, 0x70e8cc78, 0x70e8d2c8, 0x70e8c628,
0x70e8c950, 0x70e8d5f0, 0x70e8dc40, 0x70e8e290,
0x70e8e8e0, 0x70e8fbd0, 0x70e8f8a8, 0x70e8ef30,
0x70e8f258, 0x70e8ec08
}

Java Threads: ( => current thread )
  0x0323ed30 JavaThread "main" [_thread_blocked, id=29180, stack(0x01140000,0x01190000)]
  0x654282c8 JavaThread "Reference Handler" daemon [_thread_blocked, id=22332, stack(0x031b0000,0x03200000)]
  0x65429ba8 JavaThread "Finalizer" daemon [_thread_blocked, id=29072, stack(0x05350000,0x053a0000)]
  0x6541e020 JavaThread "Signal Dispatcher" daemon [_thread_blocked, id=2164, stack(0x65710000,0x65760000)]
  0x6541ebc0 JavaThread "Attach Listener" daemon [_thread_blocked, id=20184, stack(0x657a0000,0x657f0000)]
  0x65459390 JavaThread "Service Thread" daemon [_thread_blocked, id=23768, stack(0x65830000,0x65880000)]
  0x6545ada8 JavaThread "Monitor Deflation Thread" daemon [_thread_blocked, id=24720, stack(0x658c0000,0x65910000)]
  0x6545bab0 JavaThread "C1 CompilerThread0" daemon [_thread_blocked, id=22812, stack(0x65950000,0x659a0000)]
  0x65460940 JavaThread "Sweeper thread" daemon [_thread_blocked, id=3632, stack(0x659e0000,0x65a30000)]
  0x654cbe08 JavaThread "Common-Cleaner" daemon [_thread_blocked, id=7748, stack(0x65a70000,0x65ac0000)]
  0x655ee710 JavaThread "Notification Thread" daemon [_thread_blocked, id=28340, stack(0x65b00000,0x65b50000)]
  0x67f43f80 JavaThread "Daemon health stats" [_thread_blocked, id=27316, stack(0x68810000,0x68860000)]
  0x67f7c038 JavaThread "Incoming local TCP Connector on port 53058" [_thread_in_native, id=11280, stack(0x68be0000,0x68c30000)]
  0x67fb8890 JavaThread "Daemon periodic checks" [_thread_blocked, id=6072, stack(0x68dd0000,0x68e20000)]
  0x68063d50 JavaThread "Daemon" [_thread_blocked, id=22380, stack(0x68e60000,0x68eb0000)]
  0x6806a288 JavaThread "Handler for socket connection from /127.0.0.1:53058 to /127.0.0.1:53059" [_thread_in_native, id=21116, stack(0x68f60000,0x68fb0000)]
  0x6806ac80 JavaThread "Cancel handler" [_thread_blocked, id=3084, stack(0x68ff0000,0x69040000)]
  0x68083728 JavaThread "Daemon worker" [_thread_blocked, id=2380, stack(0x69080000,0x690d0000)]
  0x67fcb548 JavaThread "Asynchronous log dispatcher for DefaultDaemonConnection: socket connection from /127.0.0.1:53058 to /127.0.0.1:53059" [_thread_blocked, id=24216, stack(0x69110000,0x69160000)]
  0x67fcaef8 JavaThread "Stdin handler" [_thread_blocked, id=23716, stack(0x691a0000,0x691f0000)]
  0x67fcb870 JavaThread "Daemon client event forwarder" [_thread_blocked, id=12600, stack(0x69230000,0x69280000)]
  0x67fcb220 JavaThread "Cache worker for journal cache (C:\Users\evo93\.gradle\caches\journal-1)" [_thread_blocked, id=28072, stack(0x692c0000,0x69310000)]
  0x67fca580 JavaThread "File lock request listener" [_thread_in_native, id=30248, stack(0x69350000,0x693a0000)]
  0x67fcbb98 JavaThread "Cache worker for file hash cache (C:\Users\evo93\.gradle\caches\8.11.1\fileHashes)" [_thread_blocked, id=11416, stack(0x693e0000,0x69430000)]
  0x67fca8a8 JavaThread "Cache worker for file content cache (C:\Users\evo93\.gradle\caches\8.11.1\fileContent)" [_thread_blocked, id=19060, stack(0x69470000,0x694c0000)]
  0x68402088 JavaThread "Cache worker for file hash cache (C:\Users\evo93\Desktop\appSearchClipped\.gradle\8.11.1\fileHashes)" [_thread_blocked, id=12424, stack(0x69500000,0x69550000)]
  0x684023b0 JavaThread "Cache worker for Build Output Cleanup Cache (C:\Users\evo93\Desktop\appSearchClipped\.gradle\buildOutputCleanup)" [_thread_blocked, id=11164, stack(0x69590000,0x695e0000)]
  0x684026d8 JavaThread "File watcher server" daemon [_thread_in_native, id=30576, stack(0x69620000,0x69670000)]
  0x68403378 JavaThread "File watcher consumer" daemon [_thread_blocked, id=28384, stack(0x696b0000,0x69700000)]
  0x684000f8 JavaThread "Cache worker for checksums cache (C:\Users\evo93\Desktop\appSearchClipped\.gradle\8.11.1\checksums)" [_thread_blocked, id=20372, stack(0x69740000,0x69790000)]
  0x68401710 JavaThread "Cache worker for cache directory md-rule (C:\Users\evo93\.gradle\caches\8.11.1\md-rule)" [_thread_blocked, id=30568, stack(0x697d0000,0x69820000)]
  0x68401d60 JavaThread "Cache worker for cache directory md-supplier (C:\Users\evo93\.gradle\caches\8.11.1\md-supplier)" [_thread_blocked, id=25044, stack(0x69860000,0x698b0000)]
  0x684013e8 JavaThread "jar transforms" [_thread_blocked, id=6488, stack(0x698f0000,0x69940000)]
  0x68401a38 JavaThread "jar transforms Thread 2" [_thread_blocked, id=26820, stack(0x69980000,0x699d0000)]
  0x68400420 JavaThread "jar transforms Thread 3" [_thread_blocked, id=800, stack(0x69a10000,0x69a60000)]
  0x68403050 JavaThread "Problems report writer" [_thread_blocked, id=25676, stack(0x69aa0000,0x69af0000)]
  0x683ff780 JavaThread "Unconstrained build operations" [_thread_blocked, id=30480, stack(0x69b30000,0x69b80000)]
  0x683ffaa8 JavaThread "Unconstrained build operations Thread 2" [_thread_blocked, id=780, stack(0x69bc0000,0x69c10000)]
  0x683ffdd0 JavaThread "Unconstrained build operations Thread 3" [_thread_blocked, id=8160, stack(0x69c50000,0x69ca0000)]
  0x68400a70 JavaThread "Unconstrained build operations Thread 4" [_thread_blocked, id=24240, stack(0x69ce0000,0x69d30000)]
  0x6b81fc60 JavaThread "Unconstrained build operations Thread 5" [_thread_blocked, id=1568, stack(0x69d70000,0x69dc0000)]
  0x6b81f610 JavaThread "Unconstrained build operations Thread 6" [_thread_blocked, id=18572, stack(0x69e00000,0x69e50000)]
  0x6b81ec98 JavaThread "Unconstrained build operations Thread 7" [_thread_blocked, id=10412, stack(0x69e90000,0x69ee0000)]
  0x6b81f938 JavaThread "Unconstrained build operations Thread 8" [_thread_blocked, id=10180, stack(0x69f20000,0x69f70000)]
  0x6b821278 JavaThread "Unconstrained build operations Thread 9" [_thread_blocked, id=25844, stack(0x69fb0000,0x6a000000)]
  0x6b820c28 JavaThread "Unconstrained build operations Thread 10" [_thread_blocked, id=24184, stack(0x6c010000,0x6c060000)]
  0x6b821f18 JavaThread "Unconstrained build operations Thread 11" [_thread_blocked, id=23268, stack(0x6c0a0000,0x6c0f0000)]
  0x6b81efc0 JavaThread "Unconstrained build operations Thread 12" [_thread_blocked, id=23904, stack(0x6c130000,0x6c180000)]
  0x6b8215a0 JavaThread "Unconstrained build operations Thread 13" [_thread_blocked, id=2784, stack(0x6c1c0000,0x6c210000)]
  0x6b820f50 JavaThread "Unconstrained build operations Thread 14" [_thread_blocked, id=24900, stack(0x6c250000,0x6c2a0000)]
  0x6b81ff88 JavaThread "Unconstrained build operations Thread 15" [_thread_blocked, id=3800, stack(0x6c2e0000,0x6c330000)]
  0x6b820900 JavaThread "Unconstrained build operations Thread 16" [_thread_blocked, id=21904, stack(0x6c370000,0x6c3c0000)]
  0x6b8218c8 JavaThread "Unconstrained build operations Thread 17" [_thread_blocked, id=24804, stack(0x6cc50000,0x6cca0000)]
  0x6b821bf0 JavaThread "Unconstrained build operations Thread 18" [_thread_blocked, id=2740, stack(0x6cce0000,0x6cd30000)]
  0x6b8202b0 JavaThread "Unconstrained build operations Thread 19" [_thread_blocked, id=2904, stack(0x6cd70000,0x6cdc0000)]
  0x6b822240 JavaThread "Unconstrained build operations Thread 20" [_thread_blocked, id=13708, stack(0x6ce00000,0x6ce50000)]
  0x6b822568 JavaThread "Unconstrained build operations Thread 21" [_thread_blocked, id=13648, stack(0x6ce90000,0x6cee0000)]
  0x6b8205d8 JavaThread "Unconstrained build operations Thread 22" [_thread_blocked, id=27472, stack(0x6cf20000,0x6cf70000)]
  0x6b81e970 JavaThread "Unconstrained build operations Thread 23" [_thread_blocked, id=25488, stack(0x6cfb0000,0x6d000000)]
  0x6b81f2e8 JavaThread "Unconstrained build operations Thread 24" [_thread_blocked, id=18412, stack(0x6d140000,0x6d190000)]
  0x6b8c37c8 JavaThread "Unconstrained build operations Thread 25" [_thread_blocked, id=12368, stack(0x6d2c0000,0x6d310000)]
  0x6b8c5430 JavaThread "Unconstrained build operations Thread 26" [_thread_blocked, id=508, stack(0x6d350000,0x6d3a0000)]
  0x6b8c4468 JavaThread "Unconstrained build operations Thread 27" [_thread_blocked, id=3432, stack(0x6d3e0000,0x6d430000)]
  0x6b8c4790 JavaThread "Unconstrained build operations Thread 28" [_thread_blocked, id=20072, stack(0x6d470000,0x6d4c0000)]
  0x6b8c34a0 JavaThread "Unconstrained build operations Thread 29" [_thread_blocked, id=17736, stack(0x6d500000,0x6d550000)]
  0x6b8c3af0 JavaThread "Unconstrained build operations Thread 30" [_thread_blocked, id=27048, stack(0x6d590000,0x6d5e0000)]
  0x6b8c5da8 JavaThread "Unconstrained build operations Thread 31" [_thread_blocked, id=5252, stack(0x6d620000,0x6d670000)]
  0x6b8c6a48 JavaThread "Unconstrained build operations Thread 32" [_thread_blocked, id=30176, stack(0x6d6b0000,0x6d700000)]
  0x6b8c5a80 JavaThread "Unconstrained build operations Thread 33" [_thread_blocked, id=28876, stack(0x6d740000,0x6d790000)]
  0x6b8c6d70 JavaThread "Unconstrained build operations Thread 34" [_thread_blocked, id=24828, stack(0x6d7d0000,0x6d820000)]
  0x6b8c3e18 JavaThread "Unconstrained build operations Thread 35" [_thread_blocked, id=26224, stack(0x6d860000,0x6d8b0000)]
  0x6b8c3178 JavaThread "Unconstrained build operations Thread 36" [_thread_blocked, id=13352, stack(0x6d8f0000,0x6d940000)]
  0x6b8c4140 JavaThread "Unconstrained build operations Thread 37" [_thread_blocked, id=23900, stack(0x6d9d0000,0x6da20000)]
  0x6b8c60d0 JavaThread "Unconstrained build operations Thread 38" [_thread_blocked, id=4048, stack(0x6da20000,0x6da70000)]
  0x6b8c63f8 JavaThread "Unconstrained build operations Thread 39" [_thread_blocked, id=13440, stack(0x6dab0000,0x6db00000)]
  0x6b8c6720 JavaThread "Unconstrained build operations Thread 40" [_thread_blocked, id=23112, stack(0x6db40000,0x6db90000)]
  0x6b8c4ab8 JavaThread "Unconstrained build operations Thread 41" [_thread_blocked, id=22092, stack(0x6dbd0000,0x6dc20000)]
  0x6b8c5758 JavaThread "Unconstrained build operations Thread 42" [_thread_blocked, id=13056, stack(0x6dc60000,0x6dcb0000)]
  0x6b8c4de0 JavaThread "Unconstrained build operations Thread 43" [_thread_blocked, id=9376, stack(0x6dcf0000,0x6dd40000)]
  0x6b8c5108 JavaThread "Unconstrained build operations Thread 44" [_thread_blocked, id=1652, stack(0x6dd80000,0x6ddd0000)]
  0x6b971550 JavaThread "Unconstrained build operations Thread 45" [_thread_blocked, id=15136, stack(0x6de10000,0x6de60000)]
  0x6b971ec8 JavaThread "Unconstrained build operations Thread 46" [_thread_blocked, id=29112, stack(0x6dea0000,0x6def0000)]
  0x6b971ba0 JavaThread "Unconstrained build operations Thread 47" [_thread_blocked, id=23068, stack(0x6df30000,0x6df80000)]
  0x6b971228 JavaThread "Unconstrained build operations Thread 48" [_thread_blocked, id=7460, stack(0x6dfc0000,0x6e010000)]
  0x6b96f298 JavaThread "Unconstrained build operations Thread 49" [_thread_blocked, id=29408, stack(0x6e050000,0x6e0a0000)]
  0x6b96f5c0 JavaThread "Unconstrained build operations Thread 50" [_thread_blocked, id=30616, stack(0x6e0e0000,0x6e130000)]
  0x6b9721f0 JavaThread "Unconstrained build operations Thread 51" [_thread_blocked, id=22464, stack(0x6e170000,0x6e1c0000)]
  0x6b971878 JavaThread "Unconstrained build operations Thread 52" [_thread_blocked, id=11816, stack(0x6e200000,0x6e250000)]
  0x6b972518 JavaThread "Unconstrained build operations Thread 53" [_thread_blocked, id=24888, stack(0x6e290000,0x6e2e0000)]
  0x6b96e920 JavaThread "Unconstrained build operations Thread 54" [_thread_blocked, id=10188, stack(0x6e380000,0x6e3d0000)]
  0x6b96f8e8 JavaThread "Unconstrained build operations Thread 55" [_thread_blocked, id=9392, stack(0x6e410000,0x6e460000)]
  0x6b96ec48 JavaThread "Unconstrained build operations Thread 56" [_thread_blocked, id=21280, stack(0x6e4a0000,0x6e4f0000)]
  0x6b96ef70 JavaThread "Unconstrained build operations Thread 57" [_thread_blocked, id=28372, stack(0x6e530000,0x6e580000)]
  0x6b96fc10 JavaThread "jar transforms Thread 4" [_thread_blocked, id=5768, stack(0x6e5c0000,0x6e610000)]
  0x6b96ff38 JavaThread "jar transforms Thread 5" [_thread_blocked, id=29080, stack(0x6e650000,0x6e6a0000)]
  0x6b970588 JavaThread "Memory manager" [_thread_blocked, id=22512, stack(0x6e6e0000,0x6e730000)]
  0x707aff30 JavaThread "jar transforms Thread 6" [_thread_blocked, id=23192, stack(0x6e770000,0x6e7c0000)]
  0x707ae918 JavaThread "included builds" [_thread_blocked, id=27720, stack(0x6e800000,0x6e850000)]
  0x707aec40 JavaThread "Execution worker" [_thread_blocked, id=27820, stack(0x6e890000,0x6e8e0000)]
  0x707b0258 JavaThread "Execution worker Thread 2" [_thread_blocked, id=12356, stack(0x6e920000,0x6e970000)]
  0x707b0bd0 JavaThread "Execution worker Thread 3" [_thread_blocked, id=29320, stack(0x6e9b0000,0x6ea00000)]
  0x707b1b98 JavaThread "Execution worker Thread 4" [_thread_blocked, id=20364, stack(0x6ea40000,0x6ea90000)]
  0x707b21e8 JavaThread "Execution worker Thread 5" [_thread_blocked, id=14384, stack(0x6ead0000,0x6eb20000)]
  0x707b1220 JavaThread "Execution worker Thread 6" [_thread_blocked, id=27320, stack(0x6eb60000,0x6ebb0000)]
  0x707b0ef8 JavaThread "Execution worker Thread 7" [_thread_blocked, id=25060, stack(0x6ebf0000,0x6ec40000)]
  0x707b1870 JavaThread "Execution worker Thread 8" [_thread_blocked, id=30524, stack(0x6ec80000,0x6ecd0000)]
  0x707af290 JavaThread "Execution worker Thread 9" [_thread_blocked, id=25284, stack(0x6ed10000,0x6ed60000)]
  0x707b1548 JavaThread "Execution worker Thread 10" [_thread_blocked, id=13048, stack(0x6eda0000,0x6edf0000)]
  0x707b1ec0 JavaThread "Execution worker Thread 11" [_thread_blocked, id=14672, stack(0x6ee30000,0x6ee80000)]
  0x707af8e0 JavaThread "Execution worker Thread 12" [_thread_blocked, id=25344, stack(0x6eec0000,0x6ef10000)]
  0x707b0580 JavaThread "Execution worker Thread 13" [_thread_blocked, id=29288, stack(0x6ef50000,0x6efa0000)]
  0x705bbb38 JavaThread "Execution worker Thread 14" [_thread_blocked, id=11692, stack(0x6efe0000,0x6f030000)]
  0x705b8f08 JavaThread "Execution worker Thread 15" [_thread_blocked, id=28108, stack(0x6f070000,0x6f0c0000)]
  0x705ba520 JavaThread "Execution worker Thread 16" [_thread_blocked, id=9836, stack(0x6f100000,0x6f150000)]
  0x705b9230 JavaThread "Execution worker Thread 17" [_thread_blocked, id=5192, stack(0x6f190000,0x6f1e0000)]
  0x705bc4b0 JavaThread "Execution worker Thread 18" [_thread_blocked, id=30260, stack(0x6f220000,0x6f270000)]
  0x705bc7d8 JavaThread "Execution worker Thread 19" [_thread_blocked, id=30140, stack(0x6f2b0000,0x6f300000)]
  0x705ba1f8 JavaThread "Cache worker for execution history cache (C:\Users\evo93\Desktop\appSearchClipped\.gradle\8.11.1\executionHistory)" [_thread_blocked, id=6884, stack(0x6f340000,0x6f390000)]
  0x705b9ed0 JavaThread "WorkerExecutor Queue" [_thread_blocked, id=7056, stack(0x6f3d0000,0x6f420000)]
  0x705bbe60 JavaThread "WorkerExecutor Queue Thread 2" [_thread_blocked, id=11340, stack(0x6f460000,0x6f4b0000)]
  0x705ba848 JavaThread "Unconstrained build operations Thread 58" [_thread_blocked, id=28324, stack(0x6f660000,0x6f6b0000)]
  0x705bb1c0 JavaThread "Unconstrained build operations Thread 59" [_thread_blocked, id=8548, stack(0x6f6b0000,0x6f700000)]
  0x705bc188 JavaThread "Unconstrained build operations Thread 60" [_thread_blocked, id=22792, stack(0x6f740000,0x6f790000)]
  0x705bcb00 JavaThread "Unconstrained build operations Thread 61" [_thread_blocked, id=24752, stack(0x6fa00000,0x6fa50000)]
  0x705bab70 JavaThread "Unconstrained build operations Thread 62" [_thread_blocked, id=10692, stack(0x6fa90000,0x6fae0000)]
  0x705bae98 JavaThread "Unconstrained build operations Thread 63" [_thread_blocked, id=28656, stack(0x6fb20000,0x6fb70000)]
  0x705bb810 JavaThread "Unconstrained build operations Thread 64" [_thread_blocked, id=11420, stack(0x6fbb0000,0x6fc00000)]
  0x705b9558 JavaThread "Unconstrained build operations Thread 65" [_thread_blocked, id=29132, stack(0x6fc40000,0x6fc90000)]
  0x705b9880 JavaThread "Unconstrained build operations Thread 66" [_thread_blocked, id=24776, stack(0x6fcd0000,0x6fd20000)]
  0x705bb4e8 JavaThread "Unconstrained build operations Thread 67" [_thread_blocked, id=12052, stack(0x6fd60000,0x6fdb0000)]
  0x705b9ba8 JavaThread "Unconstrained build operations Thread 68" [_thread_blocked, id=12604, stack(0x6fdf0000,0x6fe40000)]
  0x70bc4ef8 JavaThread "Unconstrained build operations Thread 69" [_thread_blocked, id=29560, stack(0x6fe80000,0x6fed0000)]
  0x70bc61e8 JavaThread "Unconstrained build operations Thread 70" [_thread_blocked, id=2824, stack(0x6ff10000,0x6ff60000)]
  0x70bc4580 JavaThread "Unconstrained build operations Thread 71" [_thread_blocked, id=15536, stack(0x6ffa0000,0x6fff0000)]
  0x70bc5220 JavaThread "Unconstrained build operations Thread 72" [_thread_blocked, id=1712, stack(0x70030000,0x70080000)]
  0x70bc71b0 JavaThread "Unconstrained build operations Thread 73" [_thread_blocked, id=15108, stack(0x70150000,0x701a0000)]
  0x70bc6510 JavaThread "Unconstrained build operations Thread 74" [_thread_blocked, id=23724, stack(0x71200000,0x71250000)]
  0x70bc5548 JavaThread "Unconstrained build operations Thread 75" [_thread_blocked, id=7420, stack(0x71290000,0x712e0000)]
  0x70bc6838 JavaThread "Unconstrained build operations Thread 76" [_thread_blocked, id=30044, stack(0x71320000,0x71370000)]
  0x70bc48a8 JavaThread "Unconstrained build operations Thread 77" [_thread_blocked, id=22436, stack(0x713b0000,0x71400000)]
  0x70bc6b60 JavaThread "Unconstrained build operations Thread 78" [_thread_blocked, id=12828, stack(0x71440000,0x71490000)]
  0x70bc4bd0 JavaThread "Unconstrained build operations Thread 79" [_thread_blocked, id=28424, stack(0x714d0000,0x71520000)]
  0x70bc5870 JavaThread "Unconstrained build operations Thread 80" [_thread_blocked, id=7868, stack(0x71560000,0x715b0000)]
  0x70bc5b98 JavaThread "Unconstrained build operations Thread 81" [_thread_blocked, id=1576, stack(0x715f0000,0x71640000)]
  0x70bc3c08 JavaThread "Unconstrained build operations Thread 82" [_thread_blocked, id=13460, stack(0x71680000,0x716d0000)]
  0x70bc5ec0 JavaThread "Unconstrained build operations Thread 83" [_thread_blocked, id=8744, stack(0x71710000,0x71760000)]
  0x70bc6e88 JavaThread "Unconstrained build operations Thread 84" [_thread_blocked, id=6212, stack(0x71810000,0x71860000)]
  0x70bc74d8 JavaThread "Unconstrained build operations Thread 85" [_thread_blocked, id=21944, stack(0x718a0000,0x718f0000)]
  0x70bc38e0 JavaThread "Unconstrained build operations Thread 86" [_thread_blocked, id=26684, stack(0x71930000,0x71980000)]
  0x70bc4258 JavaThread "Unconstrained build operations Thread 87" [_thread_blocked, id=20940, stack(0x719c0000,0x71a10000)]
  0x70bc3f30 JavaThread "Unconstrained build operations Thread 88" [_thread_blocked, id=23880, stack(0x71a50000,0x71aa0000)]
  0x70be57f0 JavaThread "Unconstrained build operations Thread 89" [_thread_blocked, id=21360, stack(0x71ae0000,0x71b30000)]
  0x70be41d8 JavaThread "Unconstrained build operations Thread 90" [_thread_blocked, id=27076, stack(0x71b70000,0x71bc0000)]
  0x70be4500 JavaThread "Unconstrained build operations Thread 91" [_thread_blocked, id=23956, stack(0x71c00000,0x71c50000)]
  0x70be54c8 JavaThread "Unconstrained build operations Thread 92" [_thread_blocked, id=12536, stack(0x71c90000,0x71ce0000)]
  0x70be3b88 JavaThread "Unconstrained build operations Thread 93" [_thread_blocked, id=29428, stack(0x71d20000,0x71d70000)]
  0x70be5b18 JavaThread "Unconstrained build operations Thread 94" [_thread_blocked, id=26720, stack(0x71db0000,0x71e00000)]
  0x70be3860 JavaThread "Unconstrained build operations Thread 95" [_thread_blocked, id=25404, stack(0x71e40000,0x71e90000)]
  0x70be5e40 JavaThread "WorkerExecutor Queue Thread 3" [_thread_blocked, id=12940, stack(0x71ed0000,0x71f20000)]
  0x70be6ae0 JavaThread "WorkerExecutor Queue Thread 4" [_thread_blocked, id=27504, stack(0x71f60000,0x71fb0000)]
  0x70be3eb0 JavaThread "Unconstrained build operations Thread 96" [_thread_blocked, id=1736, stack(0x71ff0000,0x72040000)]
  0x70be4828 JavaThread "Unconstrained build operations Thread 97" [_thread_blocked, id=14836, stack(0x72080000,0x720d0000)]
  0x70be67b8 JavaThread "Unconstrained build operations Thread 98" [_thread_blocked, id=10876, stack(0x72110000,0x72160000)]
  0x70be6168 JavaThread "Unconstrained build operations Thread 99" [_thread_blocked, id=15040, stack(0x721a0000,0x721f0000)]
  0x70be6490 JavaThread "Unconstrained build operations Thread 100" [_thread_blocked, id=23044, stack(0x72230000,0x72280000)]
  0x70be6e08 JavaThread "Unconstrained build operations Thread 101" [_thread_blocked, id=25932, stack(0x72360000,0x723b0000)]
  0x70be7130 JavaThread "Unconstrained build operations Thread 102" [_thread_blocked, id=28508, stack(0x723f0000,0x72440000)]
  0x70be3538 JavaThread "Unconstrained build operations Thread 103" [_thread_blocked, id=10312, stack(0x72480000,0x724d0000)]
  0x70be4b50 JavaThread "Unconstrained build operations Thread 104" [_thread_blocked, id=28936, stack(0x72680000,0x726d0000)]
  0x70be4e78 JavaThread "Unconstrained build operations Thread 105" [_thread_blocked, id=20928, stack(0x72710000,0x72760000)]
  0x70be51a0 JavaThread "Unconstrained build operations Thread 106" [_thread_blocked, id=28168, stack(0x72c80000,0x72cd0000)]
  0x70cd9f40 JavaThread "Unconstrained build operations Thread 107" [_thread_blocked, id=26564, stack(0x72d10000,0x72d60000)]
  0x70cda8b8 JavaThread "Unconstrained build operations Thread 108" [_thread_blocked, id=15316, stack(0x72da0000,0x72df0000)]
  0x70cd8f78 JavaThread "Unconstrained build operations Thread 109" [_thread_blocked, id=18248, stack(0x72e30000,0x72e80000)]
  0x70cd8928 JavaThread "Unconstrained build operations Thread 110" [_thread_blocked, id=24604, stack(0x72ec0000,0x72f10000)]
  0x70cdabe0 JavaThread "Unconstrained build operations Thread 111" [_thread_blocked, id=12856, stack(0x72f50000,0x72fa0000)]
  0x70cd7638 JavaThread "Unconstrained build operations Thread 112" [_thread_blocked, id=27096, stack(0x74000000,0x74050000)]
  0x70cdb230 JavaThread "Unconstrained build operations Thread 113" [_thread_blocked, id=29708, stack(0x74090000,0x740e0000)]
  0x70cda268 JavaThread "Unconstrained build operations Thread 114" [_thread_blocked, id=14060, stack(0x74120000,0x74170000)]
  0x70cd82d8 JavaThread "WorkerExecutor Queue Thread 5" [_thread_blocked, id=24692, stack(0x741b0000,0x74200000)]
  0x70cd8600 JavaThread "Unconstrained build operations Thread 115" [_thread_blocked, id=24116, stack(0x74240000,0x74290000)]
  0x70cd92a0 JavaThread "Unconstrained build operations Thread 116" [_thread_blocked, id=30184, stack(0x742d0000,0x74320000)]
  0x70cd95c8 JavaThread "Unconstrained build operations Thread 117" [_thread_blocked, id=6676, stack(0x74360000,0x743b0000)]
  0x70cda590 JavaThread "Unconstrained build operations Thread 118" [_thread_blocked, id=19980, stack(0x743f0000,0x74440000)]
  0x70cdb558 JavaThread "Unconstrained build operations Thread 119" [_thread_blocked, id=8344, stack(0x74480000,0x744d0000)]
  0x70cd8c50 JavaThread "Unconstrained build operations Thread 120" [_thread_blocked, id=17516, stack(0x74510000,0x74560000)]
  0x70cd98f0 JavaThread "Unconstrained build operations Thread 121" [_thread_blocked, id=9276, stack(0x745a0000,0x745f0000)]
  0x70cd9c18 JavaThread "Unconstrained build operations Thread 122" [_thread_blocked, id=4264, stack(0x74630000,0x74680000)]
  0x70cdaf08 JavaThread "Unconstrained build operations Thread 123" [_thread_blocked, id=30516, stack(0x746c0000,0x74710000)]
  0x70cd7960 JavaThread "Unconstrained build operations Thread 124" [_thread_blocked, id=27652, stack(0x74750000,0x747a0000)]
  0x70cdb880 JavaThread "Unconstrained build operations Thread 125" [_thread_blocked, id=804, stack(0x747e0000,0x74830000)]
  0x70cd7c88 JavaThread "Unconstrained build operations Thread 126" [_thread_blocked, id=10328, stack(0x74870000,0x748c0000)]
  0x70cdbba8 JavaThread "Unconstrained build operations Thread 127" [_thread_blocked, id=15984, stack(0x74900000,0x74950000)]
  0x70cd7fb0 JavaThread "Unconstrained build operations Thread 128" [_thread_blocked, id=28544, stack(0x74990000,0x749e0000)]
  0x70cdd810 JavaThread "Unconstrained build operations Thread 129" [_thread_blocked, id=8844, stack(0x74a20000,0x74a70000)]
  0x70cdc1f8 JavaThread "Unconstrained build operations Thread 130" [_thread_blocked, id=15900, stack(0x74ab0000,0x74b00000)]
  0x70cdd4e8 JavaThread "Unconstrained build operations Thread 131" [_thread_blocked, id=21716, stack(0x74b40000,0x74b90000)]
  0x70cdbed0 JavaThread "Unconstrained build operations Thread 132" [_thread_blocked, id=25760, stack(0x74bd0000,0x74c20000)]
  0x70cdc520 JavaThread "Unconstrained build operations Thread 133" [_thread_blocked, id=3212, stack(0x74c60000,0x74cb0000)]
  0x70cdc848 JavaThread "WorkerExecutor Queue Thread 6" [_thread_blocked, id=27908, stack(0x74cf0000,0x74d40000)]
=>0x70cdd1c0 JavaThread "WorkerExecutor Queue Thread 7" [_thread_in_vm, id=30244, stack(0x74d80000,0x74dd0000)]
  0x70cdcb70 JavaThread "WorkerExecutor Queue Thread 8" [_thread_blocked, id=20052, stack(0x74e10000,0x74e60000)]
  0x70cdce98 JavaThread "WorkerExecutor Queue Thread 9" [_thread_blocked, id=20048, stack(0x75200000,0x75250000)]
  0x70cdde60 JavaThread "WorkerExecutor Queue Thread 10" [_thread_blocked, id=13240, stack(0x75290000,0x752e0000)]
  0x70cde188 JavaThread "WorkerExecutor Queue Thread 11" [_thread_blocked, id=2944, stack(0x75320000,0x75370000)]
  0x70cde4b0 JavaThread "WorkerExecutor Queue Thread 12" [_thread_blocked, id=25988, stack(0x753b0000,0x75400000)]
  0x70cde7d8 JavaThread "WorkerExecutor Queue Thread 13" [_thread_blocked, id=16224, stack(0x75440000,0x75490000)]
  0x70cdeb00 JavaThread "WorkerExecutor Queue Thread 14" [_thread_blocked, id=29932, stack(0x754d0000,0x75520000)]
  0x70cdee28 JavaThread "WorkerExecutor Queue Thread 15" [_thread_blocked, id=21204, stack(0x75560000,0x755b0000)]
  0x70cdf150 JavaThread "WorkerExecutor Queue Thread 16" [_thread_blocked, id=12108, stack(0x75640000,0x75690000)]
  0x70cddb38 JavaThread "WorkerExecutor Queue Thread 17" [_thread_blocked, id=26132, stack(0x756d0000,0x75720000)]
  0x70f265a8 JavaThread "WorkerExecutor Queue Thread 18" [_thread_blocked, id=28832, stack(0x76600000,0x76650000)]
  0x70f27ee8 JavaThread "WorkerExecutor Queue Thread 20" [_thread_blocked, id=20012, stack(0x76820000,0x76870000)]
  0x70f27bc0 JavaThread "Unconstrained build operations Thread 134" [_thread_blocked, id=8752, stack(0x76870000,0x768c0000)]
  0x70f25f58 JavaThread "pool-3-thread-1" [_thread_blocked, id=5088, stack(0x76f70000,0x76fc0000)]
  0x70f27248 JavaThread "stderr" [_thread_in_native, id=11844, stack(0x76fc0000,0x77010000)]
  0x70f29500 JavaThread "stdout" [_thread_in_native, id=30120, stack(0x770a0000,0x770f0000)]
  0x70f28b88 JavaThread "stderr" [_thread_in_native, id=20300, stack(0x774c0000,0x77510000)]
  0x70f26280 JavaThread "stdout" [_thread_in_native, id=5564, stack(0x77550000,0x775a0000)]
  0x70f28210 JavaThread "stderr" [_thread_in_native, id=11876, stack(0x77be0000,0x77c30000)]
  0x70f29b50 JavaThread "stdout" [_thread_in_native, id=27540, stack(0x77c70000,0x77cc0000)]
  0x70f28860 JavaThread "stderr" [_thread_in_native, id=26196, stack(0x77d00000,0x77d50000)]
  0x70f29e78 JavaThread "stdout" [_thread_in_native, id=5664, stack(0x77d90000,0x77de0000)]
  0x70f28eb0 JavaThread "stderr" [_thread_in_native, id=29364, stack(0x77e20000,0x77e70000)]
  0x70f2a4c8 JavaThread "stdout" [_thread_in_native, id=29600, stack(0x77eb0000,0x77f00000)]
  0x70f2a1a0 JavaThread "stderr" [_thread_in_native, id=19176, stack(0x77f40000,0x77f90000)]
  0x70f268d0 JavaThread "stdout" [_thread_in_native, id=16900, stack(0x7a000000,0x7a050000)]
  0x70f26f20 JavaThread "stderr" [_thread_in_native, id=16140, stack(0x7a090000,0x7a0e0000)]
  0x70f27570 JavaThread "stdout" [_thread_in_native, id=16564, stack(0x7a120000,0x7a170000)]
  0x70f2a7f0 JavaThread "stderr" [_thread_in_native, id=30124, stack(0x7a1b0000,0x7a200000)]
  0x70f291d8 JavaThread "stdout" [_thread_in_native, id=25572, stack(0x7a240000,0x7a290000)]
  0x70f26bf8 JavaThread "Unconstrained build operations Thread 135" [_thread_blocked, id=8568, stack(0x7a2d0000,0x7a320000)]
  0x70f2b490 JavaThread "Unconstrained build operations Thread 136" [_thread_blocked, id=11940, stack(0x7a360000,0x7a3b0000)]
  0x70f27898 JavaThread "Unconstrained build operations Thread 137" [_thread_blocked, id=22428, stack(0x7a3f0000,0x7a440000)]
  0x70f2ae40 JavaThread "Unconstrained build operations Thread 138" [_thread_blocked, id=30504, stack(0x7a480000,0x7a4d0000)]
  0x70f2b7b8 JavaThread "Unconstrained build operations Thread 139" [_thread_blocked, id=27624, stack(0x7a510000,0x7a560000)]
  0x70f2c130 JavaThread "Unconstrained build operations Thread 140" [_thread_blocked, id=29624, stack(0x7a5a0000,0x7a5f0000)]
  0x70f29828 JavaThread "Unconstrained build operations Thread 141" [_thread_blocked, id=26792, stack(0x7a630000,0x7a680000)]
  0x70f2b168 JavaThread "Unconstrained build operations Thread 142" [_thread_blocked, id=29736, stack(0x7a6c0000,0x7a710000)]
  0x70f2bae0 JavaThread "Unconstrained build operations Thread 143" [_thread_blocked, id=26212, stack(0x7a750000,0x7a7a0000)]
  0x70f2be08 JavaThread "Unconstrained build operations Thread 144" [_thread_blocked, id=6956, stack(0x7a7e0000,0x7a830000)]
  0x70f2d748 JavaThread "Unconstrained build operations Thread 145" [_thread_blocked, id=12900, stack(0x7a870000,0x7a8c0000)]
  0x70f2c780 JavaThread "Unconstrained build operations Thread 146" [_thread_blocked, id=17532, stack(0x7a900000,0x7a950000)]
  0x70f2d420 JavaThread "Unconstrained build operations Thread 147" [_thread_blocked, id=25012, stack(0x7a990000,0x7a9e0000)]
  0x70f2da70 JavaThread "Unconstrained build operations Thread 148" [_thread_blocked, id=18452, stack(0x7aa20000,0x7aa70000)]
  0x70f2c458 JavaThread "Unconstrained build operations Thread 149" [_thread_blocked, id=23840, stack(0x7aab0000,0x7ab00000)]
  0x70f2caa8 JavaThread "Unconstrained build operations Thread 150" [_thread_blocked, id=22228, stack(0x7ab40000,0x7ab90000)]
  0x70f2cdd0 JavaThread "Unconstrained build operations Thread 151" [_thread_blocked, id=13656, stack(0x7abd0000,0x7ac20000)]
  0x70f2d0f8 JavaThread "Unconstrained build operations Thread 152" [_thread_blocked, id=28632, stack(0x7ac60000,0x7acb0000)]
  0x6ba5f038 JavaThread "Unconstrained build operations Thread 153" [_thread_blocked, id=27344, stack(0x7acf0000,0x7ad40000)]
  0x6ba60ca0 JavaThread "Unconstrained build operations Thread 154" [_thread_blocked, id=22156, stack(0x7ad80000,0x7add0000)]
  0x6ba60000 JavaThread "Unconstrained build operations Thread 155" [_thread_blocked, id=27688, stack(0x7b040000,0x7b090000)]
  0x6ba62c30 JavaThread "Unconstrained build operations Thread 156" [_thread_blocked, id=24152, stack(0x7b0d0000,0x7b120000)]
  0x6ba60328 JavaThread "Unconstrained build operations Thread 157" [_thread_blocked, id=2160, stack(0x7b160000,0x7b1b0000)]
  0x6ba62908 JavaThread "Unconstrained build operations Thread 158" [_thread_blocked, id=15144, stack(0x7b1f0000,0x7b240000)]
  0x6ba62f58 JavaThread "Unconstrained build operations Thread 159" [_thread_blocked, id=15904, stack(0x7b280000,0x7b2d0000)]
  0x6ba5f688 JavaThread "Unconstrained build operations Thread 160" [_thread_blocked, id=15232, stack(0x7b310000,0x7b360000)]
  0x6ba60fc8 JavaThread "Unconstrained build operations Thread 161" [_thread_blocked, id=5904, stack(0x7b3a0000,0x7b3f0000)]
  0x6ba5f360 JavaThread "Unconstrained build operations Thread 162" [_thread_blocked, id=19376, stack(0x7b430000,0x7b480000)]
  0x6ba612f0 JavaThread "Unconstrained build operations Thread 163" [_thread_blocked, id=25632, stack(0x7b4c0000,0x7b510000)]
  0x6ba61940 JavaThread "Unconstrained build operations Thread 164" [_thread_blocked, id=29244, stack(0x7b550000,0x7b5a0000)]
  0x6ba622b8 JavaThread "Unconstrained build operations Thread 165" [_thread_blocked, id=25416, stack(0x7b5e0000,0x7b630000)]
  0x6ba5fcd8 JavaThread "Unconstrained build operations Thread 166" [_thread_blocked, id=20984, stack(0x7b670000,0x7b6c0000)]
  0x6ba60650 JavaThread "Unconstrained build operations Thread 167" [_thread_blocked, id=20104, stack(0x7b700000,0x7b750000)]
  0x6ba61618 JavaThread "Unconstrained build operations Thread 168" [_thread_blocked, id=20384, stack(0x7b790000,0x7b7e0000)]
  0x6ba61c68 JavaThread "Unconstrained build operations Thread 169" [_thread_blocked, id=16136, stack(0x7b820000,0x7b870000)]
  0x6ba60978 JavaThread "Unconstrained build operations Thread 170" [_thread_blocked, id=29552, stack(0x7b8b0000,0x7b900000)]
  0x6ba625e0 JavaThread "Unconstrained build operations Thread 171" [_thread_blocked, id=21920, stack(0x7b940000,0x7b990000)]
  0x6ba61f90 JavaThread "Unconstrained build operations Thread 172" [_thread_blocked, id=20900, stack(0x7b9d0000,0x7ba20000)]
  0x6ba63280 JavaThread "Unconstrained build operations Thread 173" [_thread_blocked, id=28432, stack(0x7ba60000,0x7bab0000)]
  0x6ba635a8 JavaThread "Unconstrained build operations Thread 174" [_thread_blocked, id=26640, stack(0x7baf0000,0x7bb40000)]
  0x6ba5f9b0 JavaThread "Unconstrained build operations Thread 175" [_thread_blocked, id=25796, stack(0x7bb80000,0x7bbd0000)]
  0x6ba64570 JavaThread "Unconstrained build operations Thread 176" [_thread_blocked, id=25380, stack(0x7cbe0000,0x7cc30000)]
  0x6ba64898 JavaThread "Unconstrained build operations Thread 177" [_thread_blocked, id=30264, stack(0x7cc70000,0x7ccc0000)]
  0x6ba64ee8 JavaThread "Unconstrained build operations Thread 178" [_thread_blocked, id=9856, stack(0x7cd00000,0x7cd50000)]
  0x6ba64bc0 JavaThread "Unconstrained build operations Thread 179" [_thread_blocked, id=21208, stack(0x7cd90000,0x7cde0000)]
  0x6ba65210 JavaThread "Unconstrained build operations Thread 180" [_thread_blocked, id=9700, stack(0x7ce20000,0x7ce70000)]
  0x6ba66828 JavaThread "Unconstrained build operations Thread 181" [_thread_blocked, id=4908, stack(0x7ceb0000,0x7cf00000)]
  0x6ba66b50 JavaThread "Unconstrained build operations Thread 182" [_thread_blocked, id=18396, stack(0x7cf40000,0x7cf90000)]
  0x6ba661d8 JavaThread "Unconstrained build operations Thread 183" [_thread_blocked, id=13472, stack(0x7cfd0000,0x7d020000)]
  0x6ba66500 JavaThread "Unconstrained build operations Thread 184" [_thread_blocked, id=29792, stack(0x7d060000,0x7d0b0000)]
  0x6ba65538 JavaThread "Unconstrained build operations Thread 185" [_thread_blocked, id=12568, stack(0x7d0f0000,0x7d140000)]
  0x6ba65860 JavaThread "Unconstrained build operations Thread 186" [_thread_blocked, id=22848, stack(0x7d180000,0x7d1d0000)]
  0x6ba65b88 JavaThread "Unconstrained build operations Thread 187" [_thread_blocked, id=25332, stack(0x7d210000,0x7d260000)]
  0x6ba65eb0 JavaThread "Unconstrained build operations Thread 188" [_thread_blocked, id=26904, stack(0x7d2a0000,0x7d2f0000)]
  0x70e8b660 JavaThread "Unconstrained build operations Thread 189" [_thread_blocked, id=15348, stack(0x7d330000,0x7d380000)]
  0x70e88708 JavaThread "Unconstrained build operations Thread 190" [_thread_blocked, id=13776, stack(0x7d3c0000,0x7d410000)]
  0x70e8a9c0 JavaThread "Unconstrained build operations Thread 191" [_thread_blocked, id=14864, stack(0x7d450000,0x7d4a0000)]
  0x70e899f8 JavaThread "Unconstrained build operations Thread 192" [_thread_blocked, id=17960, stack(0x7d4e0000,0x7d530000)]
  0x70e89d20 JavaThread "Unconstrained build operations Thread 193" [_thread_blocked, id=7156, stack(0x7d570000,0x7d5c0000)]
  0x70e8a048 JavaThread "Unconstrained build operations Thread 194" [_thread_blocked, id=29416, stack(0x7d600000,0x7d650000)]
  0x70e8b988 JavaThread "Unconstrained build operations Thread 195" [_thread_blocked, id=12916, stack(0x7d690000,0x7d6e0000)]
  0x70e8bcb0 JavaThread "Unconstrained build operations Thread 196" [_thread_blocked, id=25708, stack(0x7d720000,0x7d770000)]
  0x70e8ace8 JavaThread "Unconstrained build operations Thread 197" [_thread_blocked, id=28540, stack(0x7d7b0000,0x7d800000)]
  0x70e896d0 JavaThread "Unconstrained build operations Thread 198" [_thread_blocked, id=15836, stack(0x7d840000,0x7d890000)]
  0x70e89080 JavaThread "Unconstrained build operations Thread 199" [_thread_blocked, id=27008, stack(0x7d8d0000,0x7d920000)]
  0x70e893a8 JavaThread "Unconstrained build operations Thread 200" [_thread_blocked, id=26860, stack(0x7d960000,0x7d9b0000)]
  0x70e8a370 JavaThread "WorkerExecutor Queue Thread 21" [_thread_blocked, id=8608, stack(0x7d9f0000,0x7da40000)]
  0x70e8b010 JavaThread "Cache worker for Java compile cache (C:\Users\evo93\.gradle\caches\8.11.1\javaCompile)" [_thread_blocked, id=28888, stack(0x76650000,0x766a0000)]
  0x70e8bfd8 JavaThread "Build operations" [_thread_blocked, id=19372, stack(0x7ebb0000,0x7ec00000)]
  0x70e883e0 JavaThread "Build operations Thread 2" [_thread_blocked, id=17536, stack(0x7ec40000,0x7ec90000)]
  0x70e8cfa0 JavaThread "Build operations Thread 3" [_thread_blocked, id=2136, stack(0x7ecd0000,0x7ed20000)]
  0x70e8c300 JavaThread "Build operations Thread 4" [_thread_blocked, id=29280, stack(0x7ed60000,0x7edb0000)]
  0x70e8d918 JavaThread "Build operations Thread 5" [_thread_blocked, id=14764, stack(0x7edf0000,0x7ee40000)]
  0x70e8df68 JavaThread "Build operations Thread 6" [_thread_blocked, id=28856, stack(0x7ee80000,0x7eed0000)]
  0x70e8cc78 JavaThread "Build operations Thread 7" [_thread_blocked, id=22884, stack(0x7ef10000,0x7ef60000)]
  0x70e8d2c8 JavaThread "Build operations Thread 8" [_thread_blocked, id=30348, stack(0x7efa0000,0x7eff0000)]
  0x70e8c628 JavaThread "Build operations Thread 9" [_thread_blocked, id=29432, stack(0x7f170000,0x7f1c0000)]
  0x70e8c950 JavaThread "Build operations Thread 10" [_thread_blocked, id=9452, stack(0x7f200000,0x7f250000)]
  0x70e8d5f0 JavaThread "Build operations Thread 11" [_thread_blocked, id=296, stack(0x7f290000,0x7f2e0000)]
  0x70e8dc40 JavaThread "Build operations Thread 12" [_thread_blocked, id=1680, stack(0x7f320000,0x7f370000)]
  0x70e8e290 JavaThread "Build operations Thread 13" [_thread_blocked, id=21472, stack(0x7f3b0000,0x7f400000)]
  0x70e8e8e0 JavaThread "Build operations Thread 14" [_thread_blocked, id=27400, stack(0x7f440000,0x7f490000)]
  0x70e8fbd0 JavaThread "Build operations Thread 15" [_thread_blocked, id=2516, stack(0x7f4d0000,0x7f520000)]
  0x70e8f8a8 JavaThread "Build operations Thread 16" [_thread_blocked, id=27588, stack(0x7f560000,0x7f5b0000)]
  0x70e8ef30 JavaThread "Build operations Thread 17" [_thread_blocked, id=25096, stack(0x7f5f0000,0x7f640000)]
  0x70e8f258 JavaThread "Build operations Thread 18" [_thread_blocked, id=8596, stack(0x7f680000,0x7f6d0000)]
  0x70e8ec08 JavaThread "Build operations Thread 19" [_thread_blocked, id=18256, stack(0x7f710000,0x7f760000)]

Other Threads:
  0x6540f468 VMThread "VM Thread" [stack: 0x03120000,0x03170000] [id=26808]
  0x655eef28 WatcherThread [stack: 0x65b90000,0x65be0000] [id=3624]

Threads with active compile tasks:

VM state: not at safepoint (normal execution)

VM Mutex/Monitor currently owned by a thread:  ([mutex/lock_event])
[0x00d60c08] Metaspace_lock - owner thread: 0x70cdd1c0

GC Precious Log:
 CPUs: 20 total, 20 available
 Memory: 16091M
 Large Page Support: Disabled
 NUMA Support: Disabled
 Compressed Oops: Disabled
 Heap Min Capacity: 6M
 Heap Initial Capacity: 16M
 Heap Max Capacity: 1536M
 Pre-touch: Disabled

Heap:
 def new generation   total 91968K, used 23775K [0x05400000, 0x0b7c0000, 0x25400000)
  eden space 81792K,  29% used [0x05400000, 0x06b37f08, 0x0a3e0000)
  from space 10176K,   0% used [0x0a3e0000, 0x0a3e0000, 0x0add0000)
  to   space 10176K,   0% used [0x0add0000, 0x0add0000, 0x0b7c0000)
 tenured generation   total 201816K, used 121088K [0x25400000, 0x31916000, 0x65400000)
   the space 201816K,  59% used [0x25400000, 0x2ca40298, 0x2ca40400, 0x31916000)
 Metaspace       used 81382K, committed 81920K, reserved 81920K

Card table byte_map: [0x02c00000,0x02f10000] _byte_map_base: 0x02bd6000

Polling page: 0x01190000

Metaspace:

Usage:
   79.48 MB used.

Virtual space:
     80.00 MB reserved,      80.00 MB (100%) committed,  5 nodes.

Chunk freelists:
0 bytes

MaxMetaspaceSize: unlimited
No class space
Initial GC threshold: 16.00 MB
Current GC threshold: 132.50 MB
CDS: off
MetaspaceReclaimPolicy: balanced
 - commit_granule_bytes: 65536.
 - commit_granule_words: 16384.
 - virtual_space_node_default_size: 4194304.
 - enlarge_chunks_in_place: 1.
 - new_chunks_are_fully_committed: 0.
 - uncommit_free_chunks: 1.
 - use_allocation_guard: 0.
 - handle_deallocations: 1.


Internal statistics:

num_allocs_failed_limit: 9.
num_arena_births: 651.
num_arena_deaths: 2.
num_vsnodes_births: 5.
num_vsnodes_deaths: 0.
num_space_committed: 1280.
num_space_uncommitted: 0.
num_chunks_returned_to_freelist: 16.
num_chunks_taken_from_freelist: 3488.
num_chunk_merges: 10.
num_chunk_splits: 2585.
num_chunks_enlarged: 2080.
num_inconsistent_stats: 0.

CodeCache: size=32768Kb used=18032Kb max_used=18032Kb free=14735Kb
 bounds [0x03310000, 0x044b8000, 0x05310000]
 total_blobs=14633 nmethods=14118 adapters=447
 compilation: enabled
              stopped_count=0, restarted_count=0
 full_count=0

Compilation events (20 events):
Event: 30.311 Thread 0x6545bab0 nmethod 14432 0x044b0348 code [0x044b0450, 0x044b0510]
Event: 30.311 Thread 0x6545bab0 14433             com.android.tools.r8.graph.E::<init> (10 bytes)
Event: 30.311 Thread 0x6545bab0 nmethod 14433 0x044b0548 code [0x044b0650, 0x044b0710]
Event: 30.318 Thread 0x6545bab0 14434             com.android.tools.r8.graph.M2::<init> (21 bytes)
Event: 30.319 Thread 0x6545bab0 nmethod 14434 0x044b0748 code [0x044b0860, 0x044b096c]
Event: 30.319 Thread 0x6545bab0 14435             com.android.tools.r8.graph.u1::b (19 bytes)
Event: 30.319 Thread 0x6545bab0 nmethod 14435 0x044b0a48 code [0x044b0b80, 0x044b0d18]
Event: 30.323 Thread 0x6545bab0 14437             com.android.tools.r8.internal.ZA::a (138 bytes)
Event: 30.323 Thread 0x6545bab0 nmethod 14437 0x044b0e48 code [0x044b0f60, 0x044b1120]
Event: 30.323 Thread 0x6545bab0 14436             com.android.tools.r8.graph.u1::a (45 bytes)
Event: 30.324 Thread 0x6545bab0 nmethod 14436 0x044b1188 code [0x044b12b0, 0x044b13ec]
Event: 30.326 Thread 0x6545bab0 14438             com.android.tools.r8.graph.u1::d (134 bytes)
Event: 30.326 Thread 0x6545bab0 nmethod 14438 0x044b14c8 code [0x044b1610, 0x044b17f4]
Event: 30.327 Thread 0x6545bab0 14439             com.android.tools.r8.graph.E::equals (20 bytes)
Event: 30.328 Thread 0x6545bab0 nmethod 14439 0x044b1948 code [0x044b1a70, 0x044b1b8c]
Event: 30.332 Thread 0x6545bab0 14440             com.android.tools.r8.graph.M2::k0 (18 bytes)
Event: 30.332 Thread 0x6545bab0 nmethod 14440 0x044b1c08 code [0x044b1d20, 0x044b1dfc]
Event: 30.332 Thread 0x6545bab0 14441             com.android.tools.r8.graph.K2::<init> (5 bytes)
Event: 30.332 Thread 0x6545bab0 nmethod 14441 0x044b1e88 code [0x044b1f90, 0x044b2050]
Event: 30.337 Thread 0x6545bab0 14443             com.android.tools.r8.graph.M2::a (271 bytes)

GC Heap History (20 events):
Event: 21.102 GC heap before
{Heap before GC invocations=80 (full 5):
 def new generation   total 57344K, used 57344K [0x05400000, 0x09230000, 0x25400000)
  eden space 51008K, 100% used [0x05400000, 0x085d0000, 0x085d0000)
  from space 6336K, 100% used [0x08c00000, 0x09230000, 0x09230000)
  to   space 6336K,   0% used [0x085d0000, 0x085d0000, 0x08c00000)
 tenured generation   total 126496K, used 95156K [0x25400000, 0x2cf88000, 0x65400000)
   the space 126496K,  75% used [0x25400000, 0x2b0ed1e8, 0x2b0ed200, 0x2cf88000)
 Metaspace       used 72845K, committed 73344K, reserved 81920K
}
Event: 21.121 GC heap after
{Heap after GC invocations=81 (full 5):
 def new generation   total 57344K, used 3280K [0x05400000, 0x09230000, 0x25400000)
  eden space 51008K,   0% used [0x05400000, 0x05400000, 0x085d0000)
  from space 6336K,  51% used [0x085d0000, 0x089040a8, 0x08c00000)
  to   space 6336K,   0% used [0x08c00000, 0x08c00000, 0x09230000)
 tenured generation   total 126496K, used 101268K [0x25400000, 0x2cf88000, 0x65400000)
   the space 126496K,  80% used [0x25400000, 0x2b6e50d8, 0x2b6e5200, 0x2cf88000)
 Metaspace       used 72845K, committed 73344K, reserved 81920K
}
Event: 27.646 GC heap before
{Heap before GC invocations=81 (full 5):
 def new generation   total 57344K, used 54288K [0x05400000, 0x09230000, 0x25400000)
  eden space 51008K,  99% used [0x05400000, 0x085cfff0, 0x085d0000)
  from space 6336K,  51% used [0x085d0000, 0x089040a8, 0x08c00000)
  to   space 6336K,   0% used [0x08c00000, 0x08c00000, 0x09230000)
 tenured generation   total 126496K, used 101268K [0x25400000, 0x2cf88000, 0x65400000)
   the space 126496K,  80% used [0x25400000, 0x2b6e50d8, 0x2b6e5200, 0x2cf88000)
 Metaspace       used 73946K, committed 74432K, reserved 81920K
}
Event: 27.657 GC heap after
{Heap after GC invocations=82 (full 5):
 def new generation   total 57344K, used 2595K [0x05400000, 0x09230000, 0x25400000)
  eden space 51008K,   0% used [0x05400000, 0x05400000, 0x085d0000)
  from space 6336K,  40% used [0x08c00000, 0x08e88fb0, 0x09230000)
  to   space 6336K,   0% used [0x085d0000, 0x085d0000, 0x08c00000)
 tenured generation   total 126496K, used 103350K [0x25400000, 0x2cf88000, 0x65400000)
   the space 126496K,  81% used [0x25400000, 0x2b8eda60, 0x2b8edc00, 0x2cf88000)
 Metaspace       used 73946K, committed 74432K, reserved 81920K
}
Event: 28.426 GC heap before
{Heap before GC invocations=82 (full 5):
 def new generation   total 57344K, used 53497K [0x05400000, 0x09230000, 0x25400000)
  eden space 51008K,  99% used [0x05400000, 0x085b5790, 0x085d0000)
  from space 6336K,  40% used [0x08c00000, 0x08e88fb0, 0x09230000)
  to   space 6336K,   0% used [0x085d0000, 0x085d0000, 0x08c00000)
 tenured generation   total 126496K, used 103350K [0x25400000, 0x2cf88000, 0x65400000)
   the space 126496K,  81% used [0x25400000, 0x2b8eda60, 0x2b8edc00, 0x2cf88000)
 Metaspace       used 78733K, committed 79232K, reserved 81920K
}
Event: 28.448 GC heap after
{Heap after GC invocations=83 (full 5):
 def new generation   total 57344K, used 6336K [0x05400000, 0x09230000, 0x25400000)
  eden space 51008K,   0% used [0x05400000, 0x05400000, 0x085d0000)
  from space 6336K, 100% used [0x085d0000, 0x08c00000, 0x08c00000)
  to   space 6336K,   0% used [0x08c00000, 0x08c00000, 0x09230000)
 tenured generation   total 126496K, used 108339K [0x25400000, 0x2cf88000, 0x65400000)
   the space 126496K,  85% used [0x25400000, 0x2bdccc80, 0x2bdcce00, 0x2cf88000)
 Metaspace       used 78733K, committed 79232K, reserved 81920K
}
Event: 28.914 GC heap before
{Heap before GC invocations=83 (full 5):
 def new generation   total 57344K, used 57334K [0x05400000, 0x09230000, 0x25400000)
  eden space 51008K,  99% used [0x05400000, 0x085cda28, 0x085d0000)
  from space 6336K, 100% used [0x085d0000, 0x08c00000, 0x08c00000)
  to   space 6336K,   0% used [0x08c00000, 0x08c00000, 0x09230000)
 tenured generation   total 126496K, used 108339K [0x25400000, 0x2cf88000, 0x65400000)
   the space 126496K,  85% used [0x25400000, 0x2bdccc80, 0x2bdcce00, 0x2cf88000)
 Metaspace       used 80121K, committed 80640K, reserved 81920K
}
Event: 28.939 GC heap after
{Heap after GC invocations=84 (full 5):
 def new generation   total 57344K, used 6336K [0x05400000, 0x09230000, 0x25400000)
  eden space 51008K,   0% used [0x05400000, 0x05400000, 0x085d0000)
  from space 6336K, 100% used [0x08c00000, 0x09230000, 0x09230000)
  to   space 6336K,   0% used [0x085d0000, 0x085d0000, 0x08c00000)
 tenured generation   total 126496K, used 114766K [0x25400000, 0x2cf88000, 0x65400000)
   the space 126496K,  90% used [0x25400000, 0x2c413a48, 0x2c413c00, 0x2cf88000)
 Metaspace       used 80121K, committed 80640K, reserved 81920K
}
Event: 28.981 GC heap before
{Heap before GC invocations=84 (full 5):
 def new generation   total 57344K, used 57344K [0x05400000, 0x09230000, 0x25400000)
  eden space 51008K, 100% used [0x05400000, 0x085d0000, 0x085d0000)
  from space 6336K, 100% used [0x08c00000, 0x09230000, 0x09230000)
  to   space 6336K,   0% used [0x085d0000, 0x085d0000, 0x08c00000)
 tenured generation   total 126496K, used 114766K [0x25400000, 0x2cf88000, 0x65400000)
   the space 126496K,  90% used [0x25400000, 0x2c413a48, 0x2c413c00, 0x2cf88000)
 Metaspace       used 80121K, committed 80640K, reserved 81920K
}
Event: 28.993 GC heap after
{Heap after GC invocations=85 (full 5):
 def new generation   total 57344K, used 10K [0x05400000, 0x09230000, 0x25400000)
  eden space 51008K,   0% used [0x05400000, 0x05400000, 0x085d0000)
  from space 6336K,   0% used [0x085d0000, 0x085d2b80, 0x08c00000)
  to   space 6336K,   0% used [0x08c00000, 0x08c00000, 0x09230000)
 tenured generation   total 126496K, used 121025K [0x25400000, 0x2cf88000, 0x65400000)
   the space 126496K,  95% used [0x25400000, 0x2ca30578, 0x2ca30600, 0x2cf88000)
 Metaspace       used 80121K, committed 80640K, reserved 81920K
}
Event: 29.090 GC heap before
{Heap before GC invocations=85 (full 5):
 def new generation   total 57344K, used 51018K [0x05400000, 0x09230000, 0x25400000)
  eden space 51008K, 100% used [0x05400000, 0x085d0000, 0x085d0000)
  from space 6336K,   0% used [0x085d0000, 0x085d2b80, 0x08c00000)
  to   space 6336K,   0% used [0x08c00000, 0x08c00000, 0x09230000)
 tenured generation   total 126496K, used 121025K [0x25400000, 0x2cf88000, 0x65400000)
   the space 126496K,  95% used [0x25400000, 0x2ca30578, 0x2ca30600, 0x2cf88000)
 Metaspace       used 80182K, committed 80704K, reserved 81920K
}
Event: 29.092 GC heap after
{Heap after GC invocations=86 (full 5):
 def new generation   total 57344K, used 15K [0x05400000, 0x09230000, 0x25400000)
  eden space 51008K,   0% used [0x05400000, 0x05400000, 0x085d0000)
  from space 6336K,   0% used [0x08c00000, 0x08c03d30, 0x09230000)
  to   space 6336K,   0% used [0x085d0000, 0x085d0000, 0x08c00000)
 tenured generation   total 126496K, used 121025K [0x25400000, 0x2cf88000, 0x65400000)
   the space 126496K,  95% used [0x25400000, 0x2ca30578, 0x2ca30600, 0x2cf88000)
 Metaspace       used 80182K, committed 80704K, reserved 81920K
}
Event: 29.181 GC heap before
{Heap before GC invocations=86 (full 5):
 def new generation   total 57344K, used 51023K [0x05400000, 0x09230000, 0x25400000)
  eden space 51008K, 100% used [0x05400000, 0x085d0000, 0x085d0000)
  from space 6336K,   0% used [0x08c00000, 0x08c03d30, 0x09230000)
  to   space 6336K,   0% used [0x085d0000, 0x085d0000, 0x08c00000)
 tenured generation   total 126496K, used 121025K [0x25400000, 0x2cf88000, 0x65400000)
   the space 126496K,  95% used [0x25400000, 0x2ca30578, 0x2ca30600, 0x2cf88000)
 Metaspace       used 80182K, committed 80704K, reserved 81920K
}
Event: 29.183 GC heap after
{Heap after GC invocations=87 (full 5):
 def new generation   total 57344K, used 15K [0x05400000, 0x09230000, 0x25400000)
  eden space 51008K,   0% used [0x05400000, 0x05400000, 0x085d0000)
  from space 6336K,   0% used [0x085d0000, 0x085d3e68, 0x08c00000)
  to   space 6336K,   0% used [0x08c00000, 0x08c00000, 0x09230000)
 tenured generation   total 126496K, used 121025K [0x25400000, 0x2cf88000, 0x65400000)
   the space 126496K,  95% used [0x25400000, 0x2ca30578, 0x2ca30600, 0x2cf88000)
 Metaspace       used 80182K, committed 80704K, reserved 81920K
}
Event: 29.569 GC heap before
{Heap before GC invocations=87 (full 5):
 def new generation   total 57344K, used 51022K [0x05400000, 0x09230000, 0x25400000)
  eden space 51008K,  99% used [0x05400000, 0x085cfac0, 0x085d0000)
  from space 6336K,   0% used [0x085d0000, 0x085d3e68, 0x08c00000)
  to   space 6336K,   0% used [0x08c00000, 0x08c00000, 0x09230000)
 tenured generation   total 126496K, used 121025K [0x25400000, 0x2cf88000, 0x65400000)
   the space 126496K,  95% used [0x25400000, 0x2ca30578, 0x2ca30600, 0x2cf88000)
 Metaspace       used 80817K, committed 81408K, reserved 81920K
}
Event: 29.584 GC heap after
{Heap after GC invocations=88 (full 5):
 def new generation   total 57344K, used 6336K [0x05400000, 0x09230000, 0x25400000)
  eden space 51008K,   0% used [0x05400000, 0x05400000, 0x085d0000)
  from space 6336K, 100% used [0x08c00000, 0x09230000, 0x09230000)
  to   space 6336K,   0% used [0x085d0000, 0x085d0000, 0x08c00000)
 tenured generation   total 126496K, used 125349K [0x25400000, 0x2cf88000, 0x65400000)
   the space 126496K,  99% used [0x25400000, 0x2ce69788, 0x2ce69800, 0x2cf88000)
 Metaspace       used 80817K, committed 81408K, reserved 81920K
}
Event: 29.846 GC heap before
{Heap before GC invocations=88 (full 5):
 def new generation   total 57344K, used 57344K [0x05400000, 0x09230000, 0x25400000)
  eden space 51008K, 100% used [0x05400000, 0x085d0000, 0x085d0000)
  from space 6336K, 100% used [0x08c00000, 0x09230000, 0x09230000)
  to   space 6336K,   0% used [0x085d0000, 0x085d0000, 0x08c00000)
 tenured generation   total 126496K, used 125349K [0x25400000, 0x2cf88000, 0x65400000)
   the space 126496K,  99% used [0x25400000, 0x2ce69788, 0x2ce69800, 0x2cf88000)
 Metaspace       used 80817K, committed 81408K, reserved 81920K
}
Event: 29.868 GC heap after
{Heap after GC invocations=89 (full 5):
 def new generation   total 57344K, used 6335K [0x05400000, 0x09230000, 0x25400000)
  eden space 51008K,   0% used [0x05400000, 0x05400000, 0x085d0000)
  from space 6336K,  99% used [0x085d0000, 0x08bffff8, 0x08c00000)
  to   space 6336K,   0% used [0x08c00000, 0x08c00000, 0x09230000)
 tenured generation   total 138272K, used 138169K [0x25400000, 0x2db08000, 0x65400000)
   the space 138272K,  99% used [0x25400000, 0x2daee418, 0x2daee600, 0x2db08000)
 Metaspace       used 80817K, committed 81408K, reserved 81920K
}
Event: 29.868 GC heap before
{Heap before GC invocations=89 (full 5):
 def new generation   total 57344K, used 6335K [0x05400000, 0x09230000, 0x25400000)
  eden space 51008K,   0% used [0x05400000, 0x05400000, 0x085d0000)
  from space 6336K,  99% used [0x085d0000, 0x08bffff8, 0x08c00000)
  to   space 6336K,   0% used [0x08c00000, 0x08c00000, 0x09230000)
 tenured generation   total 138272K, used 138169K [0x25400000, 0x2db08000, 0x65400000)
   the space 138272K,  99% used [0x25400000, 0x2daee418, 0x2daee600, 0x2db08000)
 Metaspace       used 80817K, committed 81408K, reserved 81920K
}
Event: 30.161 GC heap after
{Heap after GC invocations=89 (full 6):
 def new generation   total 91968K, used 0K [0x05400000, 0x0b7c0000, 0x25400000)
  eden space 81792K,   0% used [0x05400000, 0x05400000, 0x0a3e0000)
  from space 10176K,   0% used [0x0a3e0000, 0x0a3e0000, 0x0add0000)
  to   space 10176K,   0% used [0x0add0000, 0x0add0000, 0x0b7c0000)
 tenured generation   total 201816K, used 121088K [0x25400000, 0x31916000, 0x65400000)
   the space 201816K,  59% used [0x25400000, 0x2ca40298, 0x2ca40400, 0x31916000)
 Metaspace       used 80817K, committed 81408K, reserved 81920K
}

Dll operation events (14 events):
Event: 0.009 Loaded shared library C:\Users\evo93\.bubblewrap\jdk\jdk-17.0.11+9\bin\java.dll
Event: 0.097 Loaded shared library C:\Users\evo93\.bubblewrap\jdk\jdk-17.0.11+9\bin\zip.dll
Event: 0.099 Loaded shared library C:\Users\evo93\.bubblewrap\jdk\jdk-17.0.11+9\bin\instrument.dll
Event: 0.107 Loaded shared library C:\Users\evo93\.bubblewrap\jdk\jdk-17.0.11+9\bin\net.dll
Event: 0.109 Loaded shared library C:\Users\evo93\.bubblewrap\jdk\jdk-17.0.11+9\bin\nio.dll
Event: 0.115 Loaded shared library C:\Users\evo93\.bubblewrap\jdk\jdk-17.0.11+9\bin\zip.dll
Event: 0.308 Loaded shared library C:\Users\evo93\.bubblewrap\jdk\jdk-17.0.11+9\bin\jimage.dll
Event: 0.414 Loaded shared library C:\Users\evo93\.bubblewrap\jdk\jdk-17.0.11+9\bin\verify.dll
Event: 0.513 Loaded shared library C:\Users\evo93\.gradle\native\c067742578af261105cb4f569cf0c3c89f3d7b1fecec35dd04571415982c5e48\windows-i386\native-platform.dll
Event: 0.520 Loaded shared library C:\Users\evo93\.gradle\native\100fb08df4bc3b14c8652ba06237920a3bd2aa13389f12d3474272988ae205f9\windows-i386\native-platform-file-events.dll
Event: 1.363 Loaded shared library C:\Users\evo93\.bubblewrap\jdk\jdk-17.0.11+9\bin\management.dll
Event: 1.365 Loaded shared library C:\Users\evo93\.bubblewrap\jdk\jdk-17.0.11+9\bin\management_ext.dll
Event: 1.548 Loaded shared library C:\Users\evo93\.bubblewrap\jdk\jdk-17.0.11+9\bin\extnet.dll
Event: 1.809 Loaded shared library C:\Users\evo93\.bubblewrap\jdk\jdk-17.0.11+9\bin\sunmscapi.dll

Deoptimization events (20 events):
Event: 19.701 Thread 0x70cdcb70 DEOPT PACKING pc=0x03ecd144 sp=0x74e5eb30
Event: 19.701 Thread 0x70cdcb70 DEOPT UNPACKING pc=0x03355587 sp=0x74e5e9d0 mode 0
Event: 19.702 Thread 0x70cdee28 DEOPT PACKING pc=0x03ecd144 sp=0x755ae900
Event: 19.702 Thread 0x70cdee28 DEOPT UNPACKING pc=0x03355587 sp=0x755ae7a0 mode 0
Event: 19.704 Thread 0x705bbe60 DEOPT PACKING pc=0x03ecd144 sp=0x6f4aecb0
Event: 19.704 Thread 0x705bbe60 DEOPT UNPACKING pc=0x03355587 sp=0x6f4aeb50 mode 0
Event: 19.705 Thread 0x70cdc848 DEOPT PACKING pc=0x03ecd144 sp=0x74d3e8a0
Event: 19.705 Thread 0x70cdc848 DEOPT UNPACKING pc=0x03355587 sp=0x74d3e740 mode 0
Event: 19.705 Thread 0x70f265a8 DEOPT PACKING pc=0x03ecd144 sp=0x7664e7e0
Event: 19.705 Thread 0x70f265a8 DEOPT UNPACKING pc=0x03355587 sp=0x7664e680 mode 0
Event: 19.708 Thread 0x70f28538 DEOPT PACKING pc=0x03ecd144 sp=0x7669e780
Event: 19.708 Thread 0x70f28538 DEOPT UNPACKING pc=0x03355587 sp=0x7669e620 mode 0
Event: 19.708 Thread 0x70cde188 DEOPT PACKING pc=0x03ecd144 sp=0x7536ec30
Event: 19.708 Thread 0x70cde188 DEOPT UNPACKING pc=0x03355587 sp=0x7536ead0 mode 0
Event: 19.717 Thread 0x70cdde60 DEOPT PACKING pc=0x03ecd144 sp=0x752deaa0
Event: 19.717 Thread 0x70cdde60 DEOPT UNPACKING pc=0x03355587 sp=0x752de940 mode 0
Event: 19.720 Thread 0x707b1ec0 DEOPT PACKING pc=0x03ecd144 sp=0x6ee7cfa0
Event: 19.720 Thread 0x707b1ec0 DEOPT UNPACKING pc=0x03355587 sp=0x6ee7ce40 mode 0
Event: 29.025 Thread 0x70cde188 DEOPT PACKING pc=0x044803c4 sp=0x7536eba0
Event: 29.025 Thread 0x70cde188 DEOPT UNPACKING pc=0x03355587 sp=0x7536ea60 mode 0

Classes unloaded (17 events):
Event: 17.862 Thread 0x6540f468 Unloading class 0x78061968 '_BuildScript_$_run_closure4'
Event: 17.862 Thread 0x6540f468 Unloading class 0x78060f80 '_BuildScript_$_run_closure3'
Event: 17.862 Thread 0x6540f468 Unloading class 0x780606e8 '_BuildScript_$_run_closure2$_closure12$_closure13$_closure14'
Event: 17.862 Thread 0x6540f468 Unloading class 0x7805fa38 '_BuildScript_$_run_closure2$_closure12$_closure13'
Event: 17.862 Thread 0x6540f468 Unloading class 0x7805edb0 '_BuildScript_$_run_closure2$_closure12'
Event: 17.862 Thread 0x6540f468 Unloading class 0x7805e2f0 '_BuildScript_$_run_closure2$_closure11'
Event: 17.862 Thread 0x6540f468 Unloading class 0x7805d790 '_BuildScript_$_run_closure2'
Event: 17.862 Thread 0x6540f468 Unloading class 0x7805c948 '_BuildScript_$_run_closure1$_closure8'
Event: 17.862 Thread 0x6540f468 Unloading class 0x7805c000 '_BuildScript_$_run_closure1$_closure7'
Event: 17.862 Thread 0x6540f468 Unloading class 0x7805b628 '_BuildScript_$_run_closure1$_closure6$_closure10'
Event: 17.862 Thread 0x6540f468 Unloading class 0x7805acc8 '_BuildScript_$_run_closure1$_closure6'
Event: 17.862 Thread 0x6540f468 Unloading class 0x7805a358 '_BuildScript_$_run_closure1$_closure5$_closure9'
Event: 17.862 Thread 0x6540f468 Unloading class 0x78059888 '_BuildScript_$_run_closure1$_closure5'
Event: 17.862 Thread 0x6540f468 Unloading class 0x78058828 '_BuildScript_$_run_closure1'
Event: 17.862 Thread 0x6540f468 Unloading class 0x78048a28 '_BuildScript_'
Event: 17.862 Thread 0x6540f468 Unloading class 0x73798000 '_BuildScript_$_run_closure1'
Event: 17.862 Thread 0x6540f468 Unloading class 0x737785f0 '_BuildScript_'

Classes redefined (0 events):
No events

Internal exceptions (20 events):
Event: 29.271 Thread 0x707b1220 Exception <a 'sun/nio/fs/WindowsException'{0x05fa4b80}> (0x05fa4b80) 
thrown [s\src\hotspot\share\prims\jni.cpp, line 516]
Event: 29.271 Thread 0x707b1220 Exception <a 'sun/nio/fs/WindowsException'{0x05fa57a0}> (0x05fa57a0) 
thrown [s\src\hotspot\share\prims\jni.cpp, line 516]
Event: 29.271 Thread 0x707b1220 Exception <a 'sun/nio/fs/WindowsException'{0x05fa5820}> (0x05fa5820) 
thrown [s\src\hotspot\share\prims\jni.cpp, line 516]
Event: 29.271 Thread 0x707b1220 Exception <a 'sun/nio/fs/WindowsException'{0x05fa5b20}> (0x05fa5b20) 
thrown [s\src\hotspot\share\prims\jni.cpp, line 516]
Event: 29.271 Thread 0x707b1220 Exception <a 'sun/nio/fs/WindowsException'{0x05fa7390}> (0x05fa7390) 
thrown [s\src\hotspot\share\prims\jni.cpp, line 516]
Event: 29.272 Thread 0x707b1220 Exception <a 'sun/nio/fs/WindowsException'{0x05fa7f60}> (0x05fa7f60) 
thrown [s\src\hotspot\share\prims\jni.cpp, line 516]
Event: 29.272 Thread 0x707b1220 Exception <a 'sun/nio/fs/WindowsException'{0x05fa7fe0}> (0x05fa7fe0) 
thrown [s\src\hotspot\share\prims\jni.cpp, line 516]
Event: 29.272 Thread 0x707b1220 Exception <a 'sun/nio/fs/WindowsException'{0x05fa82e0}> (0x05fa82e0) 
thrown [s\src\hotspot\share\prims\jni.cpp, line 516]
Event: 29.273 Thread 0x707b1220 Exception <a 'sun/nio/fs/WindowsException'{0x05fa9be8}> (0x05fa9be8) 
thrown [s\src\hotspot\share\prims\jni.cpp, line 516]
Event: 29.273 Thread 0x707b1220 Exception <a 'sun/nio/fs/WindowsException'{0x05faa838}> (0x05faa838) 
thrown [s\src\hotspot\share\prims\jni.cpp, line 516]
Event: 29.273 Thread 0x707b1220 Exception <a 'sun/nio/fs/WindowsException'{0x05faa8b8}> (0x05faa8b8) 
thrown [s\src\hotspot\share\prims\jni.cpp, line 516]
Event: 29.273 Thread 0x707b1220 Exception <a 'sun/nio/fs/WindowsException'{0x05faac90}> (0x05faac90) 
thrown [s\src\hotspot\share\prims\jni.cpp, line 516]
Event: 29.320 Thread 0x70cdd1c0 Exception <a 'sun/nio/fs/WindowsException'{0x06213468}> (0x06213468) 
thrown [s\src\hotspot\share\prims\jni.cpp, line 516]
Event: 29.374 Thread 0x70cdd1c0 Exception <a 'java/lang/NoSuchMethodError'{0x065887d0}: 'void java.lang.invoke.DirectMethodHandle$Holder.invokeSpecial(java.lang.Object, java.lang.Object, int)'> (0x065887d0) 
thrown [s\src\hotspot\share\interpreter\linkResolver.cpp, line 759]
Event: 29.379 Thread 0x70cdd1c0 Exception <a 'sun/nio/fs/WindowsException'{0x065b7f20}> (0x065b7f20) 
thrown [s\src\hotspot\share\prims\jni.cpp, line 516]
Event: 29.379 Thread 0x70cdd1c0 Exception <a 'sun/nio/fs/WindowsException'{0x065b8000}> (0x065b8000) 
thrown [s\src\hotspot\share\prims\jni.cpp, line 516]
Event: 29.379 Thread 0x70cdd1c0 Exception <a 'sun/nio/fs/WindowsException'{0x065b8028}> (0x065b8028) 
thrown [s\src\hotspot\share\prims\jni.cpp, line 516]
Event: 29.379 Thread 0x70cdd1c0 Exception <a 'sun/nio/fs/WindowsException'{0x065b8208}> (0x065b8208) 
thrown [s\src\hotspot\share\prims\jni.cpp, line 516]
Event: 29.379 Thread 0x70cdd1c0 Exception <a 'sun/nio/fs/WindowsException'{0x065b82f8}> (0x065b82f8) 
thrown [s\src\hotspot\share\prims\jni.cpp, line 516]
Event: 29.380 Thread 0x70cdd1c0 Exception <a 'sun/nio/fs/WindowsException'{0x065b8468}> (0x065b8468) 
thrown [s\src\hotspot\share\prims\jni.cpp, line 516]

VM Operations (20 events):
Event: 28.914 Executing VM operation: GenCollectForAllocation
Event: 28.939 Executing VM operation: GenCollectForAllocation done
Event: 28.981 Executing VM operation: GenCollectForAllocation
Event: 28.993 Executing VM operation: GenCollectForAllocation done
Event: 29.025 Executing VM operation: HandshakeAllThreads
Event: 29.025 Executing VM operation: HandshakeAllThreads done
Event: 29.027 Executing VM operation: HandshakeAllThreads
Event: 29.027 Executing VM operation: HandshakeAllThreads done
Event: 29.090 Executing VM operation: GenCollectForAllocation
Event: 29.092 Executing VM operation: GenCollectForAllocation done
Event: 29.181 Executing VM operation: GenCollectForAllocation
Event: 29.183 Executing VM operation: GenCollectForAllocation done
Event: 29.373 Executing VM operation: HandshakeAllThreads
Event: 29.374 Executing VM operation: HandshakeAllThreads done
Event: 29.569 Executing VM operation: GenCollectForAllocation
Event: 29.584 Executing VM operation: GenCollectForAllocation done
Event: 29.846 Executing VM operation: GenCollectForAllocation
Event: 30.161 Executing VM operation: GenCollectForAllocation done
Event: 30.274 Executing VM operation: HandshakeAllThreads
Event: 30.275 Executing VM operation: HandshakeAllThreads done

Events (20 events):
Event: 28.723 Thread 0x65460940 flushing nmethod 0x042c8f48
Event: 28.723 Thread 0x65460940 flushing nmethod 0x042decc8
Event: 28.723 Thread 0x65460940 flushing nmethod 0x04334bc8
Event: 28.723 Thread 0x65460940 flushing nmethod 0x04335008
Event: 28.723 Thread 0x65460940 flushing nmethod 0x043f3688
Event: 28.724 Thread 0x65460940 flushing nmethod 0x04434048
Event: 28.724 Thread 0x65460940 flushing nmethod 0x04456248
Event: 28.724 Thread 0x65460940 flushing nmethod 0x04464148
Event: 28.724 Thread 0x65460940 flushing nmethod 0x04469888
Event: 28.724 Thread 0x65460940 flushing nmethod 0x0446c508
Event: 28.853 loading class java/nio/file/FileTreeIterator
Event: 28.853 loading class java/nio/file/FileTreeIterator done
Event: 28.874 Thread 0x70e8f580 Thread added: 0x70e8f580
Event: 28.874 Thread 0x70e8e5b8 Thread added: 0x70e8e5b8
Event: 28.993 Thread 0x70e8f580 Thread exited: 0x70e8f580
Event: 28.994 Thread 0x70e8e5b8 Thread exited: 0x70e8e5b8
Event: 29.400 loading class java/util/zip/ZipOutputStream
Event: 29.400 loading class java/util/zip/ZipOutputStream done
Event: 30.299 loading class java/io/UTFDataFormatException
Event: 30.299 loading class java/io/UTFDataFormatException done


Dynamic libraries:
0x003e0000 - 0x003ec000 	C:\Users\evo93\.bubblewrap\jdk\jdk-17.0.11+9\bin\java.exe
0x77a10000 - 0x77bcf000 	C:\WINDOWS\SYSTEM32\ntdll.dll
0x76720000 - 0x76810000 	C:\WINDOWS\System32\KERNEL32.DLL
0x74ef0000 - 0x751bd000 	C:\WINDOWS\System32\KERNELBASE.dll
0x6d1c0000 - 0x6d26e000 	C:\WINDOWS\SYSTEM32\apphelp.dll
0x75df0000 - 0x75f00000 	C:\WINDOWS\System32\ucrtbase.dll
0x6cc30000 - 0x6cc44000 	C:\Users\evo93\.bubblewrap\jdk\jdk-17.0.11+9\bin\VCRUNTIME140.dll
0x6d1a0000 - 0x6d1b5000 	C:\Users\evo93\.bubblewrap\jdk\jdk-17.0.11+9\bin\jli.dll
0x77110000 - 0x772e6000 	C:\WINDOWS\System32\USER32.dll
0x72a50000 - 0x72c79000 	C:\WINDOWS\WinSxS\x86_microsoft.windows.common-controls_6595b64144ccf1df_6.0.26100.8328_none_85b54f03f7b0df7e\COMCTL32.dll
0x75620000 - 0x7563b000 	C:\WINDOWS\System32\win32u.dll
0x772f0000 - 0x773b7000 	C:\WINDOWS\System32\msvcrt.dll
0x76ab0000 - 0x76ad2000 	C:\WINDOWS\System32\GDI32.dll
0x77790000 - 0x7787c000 	C:\WINDOWS\System32\gdi32full.dll
0x76a20000 - 0x76aa5000 	C:\WINDOWS\System32\msvcp_win.dll
0x76ae0000 - 0x76b05000 	C:\WINDOWS\System32\IMM32.DLL
0x6cbc0000 - 0x6cc2d000 	C:\Users\evo93\.bubblewrap\jdk\jdk-17.0.11+9\bin\msvcp140.dll
0x6c680000 - 0x6cbb4000 	C:\Users\evo93\.bubblewrap\jdk\jdk-17.0.11+9\bin\client\jvm.dll
0x77700000 - 0x77782000 	C:\WINDOWS\System32\ADVAPI32.dll
0x74e60000 - 0x74ee3000 	C:\WINDOWS\System32\sechost.dll
0x768e0000 - 0x7699c000 	C:\WINDOWS\System32\RPCRT4.dll
0x722f0000 - 0x72345000 	C:\WINDOWS\SYSTEM32\POWRPROF.dll
0x6d9c0000 - 0x6d9c8000 	C:\WINDOWS\SYSTEM32\WSOCK32.dll
0x72350000 - 0x72358000 	C:\WINDOWS\SYSTEM32\VERSION.dll
0x72640000 - 0x72673000 	C:\WINDOWS\SYSTEM32\WINMM.dll
0x77990000 - 0x779f9000 	C:\WINDOWS\System32\WS2_32.dll
0x717b0000 - 0x717be000 	C:\WINDOWS\SYSTEM32\UMPDC.dll
0x72530000 - 0x72545000 	C:\WINDOWS\SYSTEM32\kernel.appcore.dll
0x6c670000 - 0x6c679000 	C:\Users\evo93\.bubblewrap\jdk\jdk-17.0.11+9\bin\jimage.dll
0x72860000 - 0x72a40000 	C:\WINDOWS\SYSTEM32\DBGHELP.DLL
0x76b10000 - 0x76da3000 	C:\WINDOWS\System32\combase.dll
0x775e0000 - 0x7767f000 	C:\WINDOWS\System32\OLEAUT32.dll
0x6c630000 - 0x6c660000 	C:\WINDOWS\SYSTEM32\dbgcore.DLL
0x769a0000 - 0x76a17000 	C:\WINDOWS\System32\bcryptPrimitives.dll
0x6c530000 - 0x6c53d000 	C:\Users\evo93\.bubblewrap\jdk\jdk-17.0.11+9\bin\instrument.dll
0x6c600000 - 0x6c621000 	C:\Users\evo93\.bubblewrap\jdk\jdk-17.0.11+9\bin\java.dll
0x757a0000 - 0x75de3000 	C:\WINDOWS\System32\SHELL32.dll
0x75f10000 - 0x765f6000 	C:\WINDOWS\System32\windows.storage.dll
0x76e30000 - 0x76f01000 	C:\WINDOWS\System32\SHCORE.dll
0x76f10000 - 0x76f62000 	C:\WINDOWS\System32\shlwapi.dll
0x70210000 - 0x7022d000 	C:\WINDOWS\SYSTEM32\profapi.dll
0x6c5a0000 - 0x6c5b6000 	C:\Users\evo93\.bubblewrap\jdk\jdk-17.0.11+9\bin\zip.dll
0x6c5e0000 - 0x6c5f4000 	C:\Users\evo93\.bubblewrap\jdk\jdk-17.0.11+9\bin\net.dll
0x72550000 - 0x72636000 	C:\WINDOWS\SYSTEM32\WINHTTP.dll
0x6e2e0000 - 0x6e334000 	C:\WINDOWS\system32\mswsock.dll
0x6c5c0000 - 0x6c5d2000 	C:\Users\evo93\.bubblewrap\jdk\jdk-17.0.11+9\bin\nio.dll
0x6c590000 - 0x6c59d000 	C:\Users\evo93\.bubblewrap\jdk\jdk-17.0.11+9\bin\verify.dll
0x6c550000 - 0x6c570000 	C:\Users\evo93\.gradle\native\c067742578af261105cb4f569cf0c3c89f3d7b1fecec35dd04571415982c5e48\windows-i386\native-platform.dll
0x6c440000 - 0x6c530000 	C:\Users\evo93\.gradle\native\100fb08df4bc3b14c8652ba06237920a3bd2aa13389f12d3474272988ae205f9\windows-i386\native-platform-file-events.dll
0x6c580000 - 0x6c588000 	C:\Users\evo93\.bubblewrap\jdk\jdk-17.0.11+9\bin\management.dll
0x6c570000 - 0x6c579000 	C:\Users\evo93\.bubblewrap\jdk\jdk-17.0.11+9\bin\management_ext.dll
0x77090000 - 0x77096000 	C:\WINDOWS\System32\PSAPI.DLL
0x700f0000 - 0x70104000 	C:\WINDOWS\SYSTEM32\CRYPTSP.dll
0x700b0000 - 0x700e2000 	C:\WINDOWS\system32\rsaenh.dll
0x72800000 - 0x72828000 	C:\WINDOWS\SYSTEM32\USERENV.dll
0x70090000 - 0x700ac000 	C:\WINDOWS\SYSTEM32\bcrypt.dll
0x70200000 - 0x7020a000 	C:\WINDOWS\SYSTEM32\CRYPTBASE.dll
0x72830000 - 0x72855000 	C:\WINDOWS\SYSTEM32\IPHLPAPI.DLL
0x775d0000 - 0x775d7000 	C:\WINDOWS\System32\NSI.dll
0x6f640000 - 0x6f657000 	C:\WINDOWS\SYSTEM32\dhcpcsvc6.DLL
0x6f620000 - 0x6f63b000 	C:\WINDOWS\SYSTEM32\dhcpcsvc.DLL
0x6f530000 - 0x6f61c000 	C:\WINDOWS\SYSTEM32\DNSAPI.dll
0x6c540000 - 0x6c546000 	C:\Users\evo93\.bubblewrap\jdk\jdk-17.0.11+9\bin\extnet.dll
0x6c430000 - 0x6c43b000 	C:\Users\evo93\.bubblewrap\jdk\jdk-17.0.11+9\bin\sunmscapi.dll
0x77880000 - 0x77989000 	C:\WINDOWS\System32\CRYPT32.dll
0x72790000 - 0x727b8000 	C:\WINDOWS\SYSTEM32\ncrypt.dll
0x71760000 - 0x71788000 	C:\WINDOWS\SYSTEM32\NTASN1.dll
0x6c420000 - 0x6c427000 	C:\WINDOWS\system32\wshunix.dll
0x01230000 - 0x01259000 	C:\WINDOWS\SYSTEM32\ntmarta.dll

dbghelp: loaded successfully - version: 4.0.5 - missing functions: none
symbol engine: initialized successfully - sym options: 0x614 - pdb path: .;C:\Users\evo93\.bubblewrap\jdk\jdk-17.0.11+9\bin;C:\WINDOWS\SYSTEM32;C:\WINDOWS\WinSxS\x86_microsoft.windows.common-controls_6595b64144ccf1df_6.0.26100.8328_none_85b54f03f7b0df7e;C:\Users\evo93\.bubblewrap\jdk\jdk-17.0.11+9\bin\client;C:\Users\evo93\.gradle\native\c067742578af261105cb4f569cf0c3c89f3d7b1fecec35dd04571415982c5e48\windows-i386;C:\Users\evo93\.gradle\native\100fb08df4bc3b14c8652ba06237920a3bd2aa13389f12d3474272988ae205f9\windows-i386

VM Arguments:
jvm_args: --add-opens=java.base/java.lang=ALL-UNNAMED --add-opens=java.base/java.lang.invoke=ALL-UNNAMED --add-opens=java.base/java.util=ALL-UNNAMED --add-opens=java.prefs/java.util.prefs=ALL-UNNAMED --add-exports=jdk.compiler/com.sun.tools.javac.api=ALL-UNNAMED --add-exports=jdk.compiler/com.sun.tools.javac.util=ALL-UNNAMED --add-opens=java.base/java.util=ALL-UNNAMED --add-opens=java.prefs/java.util.prefs=ALL-UNNAMED --add-opens=java.base/java.nio.charset=ALL-UNNAMED --add-opens=java.base/java.net=ALL-UNNAMED --add-opens=java.base/java.util.concurrent.atomic=ALL-UNNAMED --add-opens=java.xml/javax.xml.namespace=ALL-UNNAMED -Xmx1536m -Dfile.encoding=windows-1252 -Duser.country=AU -Duser.language=en -Duser.variant -javaagent:C:\Users\evo93\.gradle\wrapper\dists\gradle-8.11.1-bin\bpt9gzteqjrbo1mjrsomdt32c\gradle-8.11.1\lib\agents\gradle-instrumentation-agent-8.11.1.jar 
java_command: org.gradle.launcher.daemon.bootstrap.GradleDaemon 8.11.1
java_class_path (initial): C:\Users\evo93\.gradle\wrapper\dists\gradle-8.11.1-bin\bpt9gzteqjrbo1mjrsomdt32c\gradle-8.11.1\lib\gradle-daemon-main-8.11.1.jar
Launcher Type: SUN_STANDARD

[Global flags]
     intx CICompilerCount                          = 1                                         {product} {ergonomic}
    uintx CodeCacheExpansionSize                   = 32768                                  {pd product} {ergonomic}
    uintx InitialCodeCacheSize                     = 163840                                 {pd product} {ergonomic}
   size_t InitialHeapSize                          = 16777216                                  {product} {ergonomic}
   size_t MaxHeapSize                              = 1610612736                                {product} {command line}
   size_t MaxNewSize                               = 536870912                                 {product} {ergonomic}
   size_t MinHeapDeltaBytes                        = 131072                                    {product} {ergonomic}
   size_t MinHeapSize                              = 6291456                                   {product} {ergonomic}
     bool NeverActAsServerClassMachine             = true                                   {pd product} {ergonomic}
   size_t NewSize                                  = 5570560                                   {product} {ergonomic}
    uintx NonNMethodCodeHeapSize                   = 5242880                                {pd product} {ergonomic}
    uintx NonProfiledCodeHeapSize                  = 0                                      {pd product} {ergonomic}
   size_t OldSize                                  = 11206656                                  {product} {ergonomic}
     bool ProfileInterpreter                       = false                                  {pd product} {ergonomic}
    uintx ProfiledCodeHeapSize                     = 0                                      {pd product} {ergonomic}
    uintx ReservedCodeCacheSize                    = 33554432                               {pd product} {ergonomic}
   size_t SoftMaxHeapSize                          = 1610612736                             {manageable} {ergonomic}
     bool UseLargePagesIndividualAllocation        = false                                  {pd product} {ergonomic}
     bool UseSerialGC                              = true                                      {product} {ergonomic}

Logging:
Log output configuration:
 #0: stdout all=warning uptime,level,tags
 #1: stderr all=off uptime,level,tags

Environment Variables:
JAVA_HOME=C:\Users\evo93\.bubblewrap\jdk\jdk-17.0.11+9\
CLASSPATH=C:\Users\evo93\Desktop\appSearchClipped\\gradle\wrapper\gradle-wrapper.jar
PATH=C:\Users\evo93\.bubblewrap\jdk\jdk-17.0.11+9\bin\;C:\Program Files\PowerShell\7;C:\Program Files\Eclipse Adoptium\jdk-21.0.10.7-hotspot\bin;C:\Program Files\Eclipse Adoptium\jdk-25.0.2.10-hotspot\bin;C:\Windows\system32;C:\Windows;C:\Windows\System32\Wbem;C:\Windows\System32\WindowsPowerShell\v1.0\;C:\Windows\System32\OpenSSH\;C:\Program Files (x86)\NVIDIA Corporation\PhysX\Common;C:\Program Files\NVIDIA Corporation\NVIDIA NvDLISR;C:\WINDOWS\system32;C:\WINDOWS;C:\WINDOWS\System32\Wbem;C:\WINDOWS\System32\WindowsPowerShell\v1.0\;C:\WINDOWS\System32\OpenSSH\;C:\Program Files\dotnet\;C:\Program Files\Git\cmd;%NVM_HOME%;%NVM_SYMLINK%;C:\Program Files (x86)\Windows Kits\10\Windows Performance Toolkit\;C:\Program Files\PowerShell\7\;C:\Users\evo93\AppData\Local\Microsoft\WindowsApps;C:\Users\evo93\AppData\Local\Python\bin;C:\Users\evo93\AppData\Local\PowerToys\DSCModules\;C:\Users\evo93\AppData\Local\Programs\Ollama;C:\Users\evo93\AppData\Roaming\npm;C:\Users\evo93\AppData\Local\nvm;C:\nvm4w\nodejs;C:\Users\evo93\AppData\Local\Programs\Microsoft VS Code\bin;C:\flutter\flutter\bin
USERNAME=evo93
OS=Windows_NT
PROCESSOR_IDENTIFIER=Intel64 Family 6 Model 183 Stepping 1, GenuineIntel
TMP=C:\Users\evo93\AppData\Local\Temp
TEMP=C:\Users\evo93\AppData\Local\Temp



Periodic native trim disabled


---------------  S Y S T E M  ---------------

OS:
 Windows 11 , 64 bit Build 26100 (10.0.26100.8328)
OS uptime: 7 days 2:12 hours
Hyper-V role detected

CPU: total 20 (initial active 20) (10 cores per cpu, 2 threads per core) family 6 model 183 stepping 1 microcode 0x123, cx8, cmov, fxsr, ht, mmx, 3dnowpref, sse, sse2, sse3, ssse3, sse4.1, sse4.2, popcnt, lzcnt, tsc, tscinvbit, avx, avx2, aes, erms, clmul, bmi1, bmi2, adx, sha, fma, vzeroupper, clflush, clflushopt, clwb, hv
Processor Information for processor 0
  Max Mhz: 2600, Current Mhz: 2600, Mhz Limit: 2600
Processor Information for processor 1
  Max Mhz: 2600, Current Mhz: 1496, Mhz Limit: 2600
Processor Information for processor 2
  Max Mhz: 2600, Current Mhz: 2600, Mhz Limit: 2600
Processor Information for processor 3
  Max Mhz: 2600, Current Mhz: 1496, Mhz Limit: 2600
Processor Information for processor 4
  Max Mhz: 2600, Current Mhz: 2600, Mhz Limit: 2600
Processor Information for processor 5
  Max Mhz: 2600, Current Mhz: 2600, Mhz Limit: 2600
Processor Information for processor 6
  Max Mhz: 2600, Current Mhz: 1496, Mhz Limit: 2600
Processor Information for processor 7
  Max Mhz: 2600, Current Mhz: 1496, Mhz Limit: 2600
Processor Information for processor 8
  Max Mhz: 2600, Current Mhz: 2600, Mhz Limit: 2600
Processor Information for processor 9
  Max Mhz: 2600, Current Mhz: 1496, Mhz Limit: 2600
Processor Information for processor 10
  Max Mhz: 2600, Current Mhz: 1496, Mhz Limit: 2600
Processor Information for processor 11
  Max Mhz: 2600, Current Mhz: 2600, Mhz Limit: 2600
Processor Information for processor 12
  Max Mhz: 2600, Current Mhz: 1505, Mhz Limit: 2600
Processor Information for processor 13
  Max Mhz: 2600, Current Mhz: 1505, Mhz Limit: 2600
Processor Information for processor 14
  Max Mhz: 2600, Current Mhz: 1505, Mhz Limit: 2600
Processor Information for processor 15
  Max Mhz: 2600, Current Mhz: 1505, Mhz Limit: 2600
Processor Information for processor 16
  Max Mhz: 2600, Current Mhz: 1505, Mhz Limit: 2600
Processor Information for processor 17
  Max Mhz: 2600, Current Mhz: 1505, Mhz Limit: 2600
Processor Information for processor 18
  Max Mhz: 2600, Current Mhz: 1505, Mhz Limit: 2600
Processor Information for processor 19
  Max Mhz: 2600, Current Mhz: 1505, Mhz Limit: 2600

Memory: 4k page, system-wide physical 16091M (5064M free)
TotalPageFile size 33499M (AvailPageFile size 15851M), user-mode portion of virtual address-space 2047M (23M free)
current process WorkingSet (physical memory assigned to process): 395M, peak: 399M
current process commit charge ("private bytes"): 510M, peak: 515M

vm_info: OpenJDK Client VM (17.0.11+9) for windows-x86 JRE (17.0.11+9), built on Apr 18 2024 18:23:17 by "admin" with MS VC++ 16.10 / 16.11 (VS2019)

END.
